family,unit,dates,CRPS (marginal),variogram (joint),tail,w CRPS,w variogram,w tail,w x CRPS,w x variogram,w x tail,weighted sum
T2-F1,t2-F1-ai-mom-2024,355,0.06965703686770035,0.0,0.007327500491698728,0.7142857142857143,0.0,0.28571428571428575,0.04975502633407168,0.0,0.00209357156905678,0.05184859790312846
T2-F1,t2-F1-aud-on-hold-2016,237,0.05387261851895321,0.01422868595921849,0.005969550265761507,0.5,0.3,0.2,0.026936309259476605,0.004268605787765547,0.0011939100531523014,0.032398825100394456
T2-F1,t2-F1-cad-boc-2017,247,0.04504892786844983,0.01720536619012892,0.006384600393655574,0.5,0.3,0.2,0.022524463934224914,0.005161609857038675,0.001276920078731115,0.028962993869994704
T2-F1,t2-F1-chf-highly-valued-2021,306,0.02717450388154677,0.011351811838204757,0.003899137041083202,0.5,0.3,0.2,0.013587251940773384,0.003405543551461427,0.0007798274082166405,0.01777262290045145
T2-F1,t2-F1-conflicting-texts-2024,350,0.4824635472792319,0.1289295969868796,0.07002501303570925,0.5,0.3,0.2,0.24123177363961595,0.038678879096063885,0.014005002607141851,0.29391565534282166
T2-F1,t2-F1-considerable-period-2003,37,0.5485302513037402,0.13782047728541996,0.054460077767902286,0.5,0.3,0.2,0.2742651256518701,0.04134614318562599,0.010892015553580457,0.32650328439107656
T2-F1,t2-F1-conundrum-2005,60,0.5009236473323421,0.12744004395169498,0.061425230712846994,0.5,0.3,0.2,0.25046182366617104,0.03823201318550849,0.0122850461425694,0.30097888299424896
T2-F1,t2-F1-cpi-glidepath-2023,11,4.766748913109314,0.39370986381144724,1.5855324691941262,0.5,0.3,0.2,2.383374456554657,0.11811295914343417,0.3171064938388253,2.8185939095369164
T2-F1,t2-F1-dkk-peg-2019,275,0.3274178533772326,0.0,0.05176679344962684,0.7142857142857143,0.0,0.28571428571428575,0.23386989526945187,0.0,0.0147905124141791,0.24866040768363096
T2-F1,t2-F1-eur-range-2017,250,0.07121039881664275,0.01639658372066327,0.010563108257819646,0.5,0.3,0.2,0.035605199408321374,0.004918975116198981,0.0021126216515639294,0.042636796176084284
T2-F1,t2-F1-fed-put-2019,280,0.0412743994125286,0.0,0.0050809416397193646,0.7142857142857143,0.0,0.28571428571428575,0.029481713866091858,0.0,0.0014516976113483902,0.030933411477440248
T2-F1,t2-F1-greater-confidence-2024,345,0.742461344040459,0.27272336740885383,0.17263575111252757,0.5,0.3,0.2,0.3712306720202295,0.08181701022265615,0.034527150222505514,0.4875748324653912
T2-F1,t2-F1-hawkish-cut-2024,358,0.7821778104192283,0.27348958748918845,0.1758509484051896,0.5,0.3,0.2,0.39108890520961415,0.08204687624675654,0.035170189681037925,0.5083059711374086
T2-F1,t2-F1-jpy-ycc-flex-2018,263,7.941881633258146,1.5768696659439356,1.3133376318369552,0.5,0.3,0.2,3.970940816629073,0.47306089978318067,0.26266752636739105,4.706669242779645
T2-F1,t2-F1-liftoff-telegraph-2015,221,0.11004367577822824,0.06777585055320066,0.01584152126777226,0.5,0.3,0.2,0.05502183788911412,0.020332755165960198,0.003168304253554452,0.07852289730862877
T2-F1,t2-F1-measured-pace-2004,51,0.6348957433800678,0.1664289817698388,0.062340287857036124,0.5,0.3,0.2,0.3174478716900339,0.04992869453095164,0.012468057571407225,0.3798446237923928
T2-F1,t2-F1-normalization-2017,249,0.3743638144733297,0.0,0.03464149936189979,0.7142857142857143,0.0,0.28571428571428575,0.26740272462380693,0.0,0.009897571246257083,0.277300295870064
T2-F1,t2-F1-patient-dropped-2015,215,0.11716980209981755,0.0,0.01606071944375434,0.7142857142857143,0.0,0.28571428571428575,0.08369271578558396,0.0,0.004588776983929812,0.08828149276951378
T2-F1,t2-F1-pause-2006,82,0.31044091096980897,1.3236051555234196,0.03874968983604323,0.5,0.3,0.2,0.15522045548490448,0.3970815466570259,0.007749937967208647,0.5600519401091391
T2-F1,t2-F1-qe3-end-2014,206,0.5524866500775992,0.13591664692586022,0.051871832166930074,0.5,0.3,0.2,0.2762433250387996,0.040774994077758066,0.010374366433386016,0.3273926855499437
T2-F1,t2-F1-sahm-watch-2024,12,1.8144585692380257,1.6400898560427757,0.5894660803717586,0.5,0.3,0.2,0.9072292846190129,0.4920269568128327,0.11789321607435173,1.5171494575061972
T2-F1,t2-F1-third-cut-2019,281,0.27167417618242273,0.04822742751917141,0.05752736600148386,0.5,0.3,0.2,0.13583708809121137,0.014468228255751423,0.011505473200296773,0.16181078954725955
T2-F1,t2-F1-ust-positioning-2018,265,0.3925100085061475,0.10080812968136157,0.03725517320070975,0.5,0.3,0.2,0.19625500425307374,0.03024243890440847,0.00745103464014195,0.23394847779762418
T2-F2,t2-F2-abenomics-2012,186,2.296132300299046,0.0,0.30503647566193426,0.7142857142857143,0.0,0.28571428571428575,1.6400945002136045,0.0,0.08715327876055266,1.7272477789741572
T2-F2,t2-F2-act-as-appropriate-2019,283,0.12221999864107265,0.0,0.01907663567824629,0.7142857142857143,0.0,0.28571428571428575,0.0872999990293376,0.0,0.005450467336641798,0.0927504663659794
T2-F2,t2-F2-aud-taper-2013,193,0.03529641344761545,0.0,0.003877499239264571,0.7142857142857143,0.0,0.28571428571428575,0.025211723891153892,0.0,0.0011078569255041633,0.026319580816658056
T2-F2,t2-F2-boj-thin-signal-2014,214,2.597059085289449,0.0,0.3890192452817787,0.7142857142857143,0.0,0.28571428571428575,1.855042203778178,0.0,0.11114835579479394,1.9661905595729718
T2-F2,t2-F2-cnh-stress-2015,142,0.01675333533971023,0.0,0.008086953898864362,0.7142857142857143,0.0,0.28571428571428575,0.01196666809979302,0.0,0.0023105582568183894,0.014277226356611411
T2-F2,t2-F2-cnh-tradewar-2018,142,0.04578494234335057,0.0,0.010996722925467252,0.7142857142857143,0.0,0.28571428571428575,0.03270353024525041,0.0,0.0031419208358477867,0.0358454510810982
T2-F2,t2-F2-considerable-removal-2004,52,0.2786982914166313,0.0,0.03471919160101582,0.7142857142857143,0.0,0.28571428571428575,0.19907020815473667,0.0,0.009919769028861663,0.20898997718359832
T2-F2,t2-F2-credit-crunch-2007,105,0.16604735831733367,0.0,0.02148051720820851,0.7142857142857143,0.0,0.28571428571428575,0.11860525594095261,0.0,0.006137290630916718,0.12474254657186934
T2-F2,t2-F2-cut-sizing-2024,361,0.30051241340814305,0.06621919399987286,0.04397012913379996,0.5,0.3,0.2,0.15025620670407153,0.019865758199961857,0.008794025826759993,0.1789159907307934
T2-F2,t2-F2-draghi-precommit-2014,208,0.04242216695135108,0.0,0.0040107795095407645,0.7142857142857143,0.0,0.28571428571428575,0.030301547822393627,0.0,0.0011459370027259328,0.03144748482511956
T2-F2,t2-F2-ecb-qe-telegraph-2014,216,0.03972908163311465,0.0,0.004071914716694733,0.7142857142857143,0.0,0.28571428571428575,0.02837791545222475,0.0,0.001163404204769924,0.029541319656994674
T2-F2,t2-F2-eur-parity-2022,329,0.025917521214659046,0.0,0.0031334072149538606,0.7142857142857143,0.0,0.28571428571428575,0.018512515153327892,0.0,0.0008952592042725318,0.019407774357600424
T2-F2,t2-F2-fragile-five-brl-2013,117,0.2378534895670697,0.0,0.03973029144873989,0.7142857142857143,0.0,0.28571428571428575,0.16989534969076409,0.0,0.011351511842497114,0.1812468615332612
T2-F2,t2-F2-fragile-five-inr-2013,142,0.44940632411565185,0.0,0.07191908530154689,0.7142857142857143,0.0,0.28571428571428575,0.32100451722546564,0.0,0.02054831008615626,0.3415528273116219
T2-F2,t2-F2-higher-for-longer-2023,347,0.27036296743860366,0.0,0.03245236999446323,0.7142857142857143,0.0,0.28571428571428575,0.19311640531328833,0.0,0.00927210571270378,0.20238851102599212
T2-F2,t2-F2-nirp-paradox-2016,233,3.0113695831979856,0.0,0.4691924562983464,0.7142857142857143,0.0,0.28571428571428575,2.150978273712847,0.0,0.13405498751381328,2.28503326122666
T2-F2,t2-F2-opec-cad-2014,216,0.019783773609730763,0.0,0.0024609626804030023,0.7142857142857143,0.0,0.28571428571428575,0.014131266864093403,0.0,0.0007031321944008579,0.014834399058494261
T2-F2,t2-F2-powell-pivot-2019,273,0.13651333507228444,0.0,0.01713497025663505,0.7142857142857143,0.0,0.28571428571428575,0.09750952505163174,0.0,0.004895705787610015,0.10240523083924176
T2-F2,t2-F2-qe2-jackson-hole-2010,151,0.37456569915870014,0.0,0.04059499916902289,0.7142857142857143,0.0,0.28571428571428575,0.2675469279705001,0.0,0.011598571191149399,0.2791454991616495
T2-F2,t2-F2-shunto-nirp-exit-2024,355,2.9747474233622175,0.0,0.4925356933837139,0.7142857142857143,0.0,0.28571428571428575,2.12481958811587,0.0,0.14072448382391828,2.265544071939788
T2-F2,t2-F2-some-pain-2022,331,0.2467027929046181,0.0,0.030806265007409756,0.7142857142857143,0.0,0.28571428571428575,0.1762162806461558,0.0,0.008801790002117074,0.18501807064827286
T2-F2,t2-F2-taper-begins-2013,197,0.5023013150992178,0.0,0.052421382576951066,0.7142857142857143,0.0,0.28571428571428575,0.35878665364229845,0.0,0.014977537879128878,0.3737641915214273
T2-F2,t2-F2-taper-testimony-2013,192,0.29954343464776145,0.0,0.03487721040901561,0.7142857142857143,0.0,0.28571428571428575,0.21395959617697247,0.0,0.009964917259718748,0.2239245134366912
T2-F2,t2-F2-time-has-come-2024,361,0.3208030646260077,0.0,0.05745566027631718,0.7142857142857143,0.0,0.28571428571428575,0.22914504616143408,0.0,0.016415902936090625,0.2455609490975247
T2-F2,t2-F2-trade-war-escalation-2019,285,0.2041301504077631,0.0,0.024612059869221443,0.7142857142857143,0.0,0.28571428571428575,0.14580725029125938,0.0,0.007032017105491842,0.15283926739675122
T2-F2,t2-F2-trichet-alertness-2008,119,0.025826775894358063,0.0,0.003088984147724854,0.7142857142857143,0.0,0.28571428571428575,0.018447697067398617,0.0,0.0008825668993499584,0.019330263966748574
T2-F2,t2-F2-whatever-it-takes-2012,180,0.05386922700867943,0.0,0.005093911561215195,0.7142857142857143,0.0,0.28571428571428575,0.03847801929191388,0.0,0.0014554033032043417,0.03993342259511822
T2-F3,t2-F3-bear-flattener-2022,324,0.3110662908815797,2.8906294945569555,0.04591388416861306,0.5,0.3,0.2,0.15553314544078986,0.8671888483670867,0.009182776833722614,1.0319047706415991
T2-F3,t2-F3-boj-ust-channel-2023,344,1.3230288065794886,1.76146958962624,0.200995859364733,0.5,0.3,0.2,0.6615144032897443,0.528440876887872,0.0401991718729466,1.230154452050563
T2-F3,t2-F3-brexit-joint-2016,239,0.6284710827156764,2.8385641544738878,0.09042286414590626,0.5,0.3,0.2,0.3142355413578382,0.8515692463421664,0.018084572829181255,1.1838893605291858
T2-F3,t2-F3-conundrum-joint-2005,64,0.4218320306457688,2.666604741476421,0.052536516698991946,0.5,0.3,0.2,0.2109160153228844,0.7999814224429264,0.01050730333979839,1.021404741105609
T2-F3,t2-F3-covid-curve-2020,293,0.1408368387560306,1.1545005662667773,0.01832805718488689,0.5,0.3,0.2,0.0704184193780153,0.3463501698800332,0.003665611436977378,0.42043420069502585
T2-F3,t2-F3-cpi-shock-cross-2022,333,0.035682774687367774,0.11700338116962877,0.005163099447551026,0.5,0.3,0.2,0.017841387343683887,0.03510101435088863,0.001032619889510205,0.053975021584082725
T2-F3,t2-F3-divergence-2014,208,1.3269151152679701,4.344634788721178,0.20220789727891736,0.5,0.3,0.2,0.6634575576339851,1.3033904366163533,0.04044157945578347,2.007289573706122
T2-F3,t2-F3-dollar-squeeze-2020,295,0.3091230616967948,6.837865688458059,0.041033922277603135,0.5,0.3,0.2,0.1545615308483974,2.0513597065374176,0.008206784455520628,2.2141280218413355
T2-F3,t2-F3-dollar-vortex-2022,330,0.6071279251419182,2.936801083827156,0.0890421326090694,0.5,0.3,0.2,0.3035639625709591,0.8810403251481468,0.017808426521813882,1.2024127142409198
T2-F3,t2-F3-dots-vs-oil-2014,212,0.2811821464543008,1.1432769976324586,0.029763641481242598,0.5,0.3,0.2,0.1405910732271504,0.3429830992897376,0.00595272829624852,0.4895269008131365
T2-F3,t2-F3-election-2024-joint,363,0.7313747135044298,3.351550346121994,0.11635331851851556,0.5,0.3,0.2,0.3656873567522149,1.0054651038365983,0.023270663703703114,1.3944231242925162
T2-F3,t2-F3-fragile-five-joint-2013,114,0.4004257517906543,0.4243349962738441,0.061558852225543505,0.5,0.3,0.2,0.20021287589532716,0.12730049888215322,0.012311770445108701,0.3398251452225891
T2-F3,t2-F3-funding-flip-2024,360,0.5839019530304864,2.259710282365467,0.09034677359934137,0.5,0.3,0.2,0.2919509765152432,0.6779130847096401,0.018069354719868275,0.9879334159447515
T2-F3,t2-F3-hiking-year-curve-2018,264,0.21628677640424113,1.8860158084233303,0.024723609115590756,0.5,0.3,0.2,0.10814338820212056,0.5658047425269991,0.004944721823118152,0.6788928525522377
T2-F3,t2-F3-inversion-persistence-2019,281,0.21061457213132156,0.3930650383143957,0.031045848276752337,0.5,0.3,0.2,0.10530728606566078,0.1179195114943187,0.006209169655350468,0.22943596721532994
T2-F3,t2-F3-oil-fx-split-2022,324,0.11839061127119424,0.8541590696508445,0.015299137034632863,0.5,0.3,0.2,0.05919530563559712,0.25624772089525333,0.003059827406926573,0.318502853937777
T2-F3,t2-F3-rates-into-factors-2022,319,0.05767100123200878,0.2057778104106001,0.007737210668116003,0.5,0.3,0.2,0.02883550061600439,0.061733343123180025,0.0015474421336232006,0.09211628587280762
T2-F3,t2-F3-safe-haven-paradox-2011,164,0.9479123989605704,2.701552724405621,0.11239150339288383,0.5,0.3,0.2,0.4739561994802852,0.8104658173216863,0.022478300678576767,1.3069003174805482
T2-F3,t2-F3-scandies-stress-2022,333,0.157796726457571,0.7377243633647907,0.020524132263337987,0.5,0.3,0.2,0.0788983632287855,0.22131730900943722,0.004104826452667598,0.3043204986908903
T2-F3,t2-F3-taper-steepener-2013,188,0.3339907366232904,2.2112605181891527,0.038964377381219134,0.5,0.3,0.2,0.1669953683116452,0.6633781554567458,0.007792875476243827,0.8381663992446349
T2-F3,t2-F3-term-premium-steepener-2023,347,0.2015851127106126,2.1143907748878696,0.028488291973319795,0.5,0.3,0.2,0.1007925563553063,0.6343172324663608,0.005697658394663959,0.7408074472163311
T2-F3,t2-F3-vaccine-rotation-2020,305,0.027086020188153166,0.2672569279962768,0.003935737704926505,0.5,0.3,0.2,0.013543010094076583,0.08017707839888304,0.000787147540985301,0.09450723603394492
T2-F4,t2-F4-aud-gfc-2008,125,0.016122148017033607,0.0,0.0023983956816771767,0.7142857142857143,0.0,0.28571428571428575,0.011515820012166863,0.0,0.0006852559090506221,0.012201075921217485
T2-F4,t2-F4-chf-floor-strain-2015,219,0.015668469162913794,0.0,0.00230717827648158,0.7142857142857143,0.0,0.28571428571428575,0.011191763687795567,0.0,0.0006591937932804515,0.011850957481076018
T2-F4,t2-F4-china-panic-2016,235,0.02096416606319584,0.0,0.0027679611014823284,0.7142857142857143,0.0,0.28571428571428575,0.014974404330854172,0.0,0.0007908460289949511,0.015765250359849124
T2-F4,t2-F4-china-stress-mkt-2015,228,0.020452831453353578,0.0,0.0029118364316539414,0.7142857142857143,0.0,0.28571428571428575,0.014609165323823985,0.0,0.0008319532661868405,0.015441118590010825
T2-F4,t2-F4-covid-mkt-2020,297,0.019451776978920254,0.0,0.0026342850548528173,0.7142857142857143,0.0,0.28571428571428575,0.013894126413514467,0.0,0.0007526528728150907,0.014646779286329558
T2-F4,t2-F4-covid-nfp-2020,9,132.97250047100144,0.0,15.810728455469413,0.7142857142857143,0.0,0.28571428571428575,94.98035747928674,0.0,4.517350987276975,99.49770846656371
T2-F4,t2-F4-covid-rates-2020,295,0.10762595631957515,0.0,0.013390427660686658,0.7142857142857143,0.0,0.28571428571428575,0.07687568308541083,0.0,0.003825836474481903,0.08070151955989273
T2-F4,t2-F4-cpi-friday-2022,330,0.10056945329257075,0.0,0.017860491472257028,0.7142857142857143,0.0,0.28571428571428575,0.07183532378040768,0.0,0.005102997563502009,0.07693832134390968
T2-F4,t2-F4-cpi-vintage-2022,10,1.0427452812287281,0.0,0.24425865948296402,0.7142857142857143,0.0,0.28571428571428575,0.7448180580205201,0.0,0.06978818842370402,0.8146062464442242
T2-F4,t2-F4-eur-warnings-2022,326,0.012880370987488694,0.0,0.001553140658154619,0.7142857142857143,0.0,0.28571428571428575,0.009200264991063353,0.0,0.00044375447375846267,0.009644019464821815
T2-F4,t2-F4-factor-stress-2008,124,0.014502420244678993,0.012124717403295758,0.0017902112914076245,0.5,0.3,0.2,0.007251210122339496,0.003637415220988727,0.0003580422582815249,0.011246667601609747
T2-F4,t2-F4-funding-stress-10y-2008,124,0.13869719986058346,0.0,0.014589254149936799,0.7142857142857143,0.0,0.28571428571428575,0.09906942847184533,0.0,0.004168358328553372,0.1032377868003987
T2-F4,t2-F4-funding-stress-2y-2008,121,0.4338568974737032,0.0,0.06790780382019482,0.7142857142857143,0.0,0.28571428571428575,0.309897783909788,0.0,0.019402229662912808,0.32930001357270083
T2-F4,t2-F4-gbp-brexit-2016,241,0.01931126034304054,0.0,0.002440736341206415,0.7142857142857143,0.0,0.28571428571428575,0.0137937573878861,0.0,0.0006973532403446901,0.01449111062823079
T2-F4,t2-F4-gbp-conference-2016,246,0.019756273391152785,0.0,0.002611934664765918,0.7142857142857143,0.0,0.28571428571428575,0.014111623850823419,0.0,0.0007462670470759767,0.014857890897899396
T2-F4,t2-F4-hike-cycle-2021Q4b,317,0.36347879400097466,0.0,0.05557113818459383,0.7142857142857143,0.0,0.28571428571428575,0.2596277100006962,0.0,0.0158774680527411,0.27550517805343727
T2-F4,t2-F4-hml-covid-2020,297,0.01417996619300035,0.0,0.0017958300171796646,0.7142857142857143,0.0,0.28571428571428575,0.010128547280714537,0.0,0.0005130942906227614,0.010641641571337297
T2-F4,t2-F4-jpy-carry-2007,107,1.5386782095978024,0.0,0.18967029548763562,0.7142857142857143,0.0,0.28571428571428575,1.0990558639984302,0.0,0.05419151299646733,1.1532473769948977
T2-F4,t2-F4-jpy-crowding-2024,363,1.5995693006790528,0.0,0.23394745997283542,0.7142857142857143,0.0,0.28571428571428575,1.1425495004850377,0.0,0.06684213142081014,1.2093916319058478
T2-F4,t2-F4-mkt-selloff-2011,168,0.038062140419502226,0.0,0.005675230402894008,0.7142857142857143,0.0,0.28571428571428575,0.027187243156787305,0.0,0.0016214944008268596,0.028808737557614164
T2-F4,t2-F4-momentum-reversal-2009,129,0.04760277322550055,0.0,0.00771054088817917,0.7142857142857143,0.0,0.28571428571428575,0.03400198087535754,0.0,0.002203011682336906,0.036204992557694445
T2-F4,t2-F4-nok-covid-2020,297,0.1338054326982213,0.0,0.01793035883766227,0.7142857142857143,0.0,0.28571428571428575,0.09557530907015807,0.0,0.005122959667903507,0.10069826873806158
T2-F4,t2-F4-powell-december-2018,279,0.01774730435282046,0.0,0.002351720117585668,0.7142857142857143,0.0,0.28571428571428575,0.012676645966300328,0.0,0.0006719200335959053,0.013348565999896233
T2-F4,t2-F4-qe1-expansion-2009,127,0.27466995802365085,0.0,0.03151988552752554,0.7142857142857143,0.0,0.28571428571428575,0.19619282715975062,0.0,0.009005681579293013,0.20519850873904363
T2-F4,t2-F4-quant-crowding-2007,108,0.006115174693909057,0.011768283590487585,0.0008838319282896146,0.5,0.3,0.2,0.0030575873469545285,0.0035304850771462754,0.00017676638565792294,0.006764838809758727
T2-F4,t2-F4-short-vol-2018,266,0.017221351567677654,0.0,0.0022183111359758228,0.7142857142857143,0.0,0.28571428571428575,0.01230096540548404,0.0,0.000633803181707378,0.012934768587191418
T2-F4,t2-F4-svb-whiplash-2023,341,0.10855078845629154,0.0,0.01703611697964419,0.7142857142857143,0.0,0.28571428571428575,0.07753627746877967,0.0,0.0048674619941840545,0.08240373946296373
T2-F4,t2-F4-taper-warning-2013,191,0.30286983384537697,0.0,0.034883692089410126,0.7142857142857143,0.0,0.28571428571428575,0.2163355956038407,0.0,0.009966769168402894,0.22630236477224358
T2-F4,t2-F4-ust-downgrade-watch-2011,167,0.1965764655825419,0.0,0.02664817648039756,0.7142857142857143,0.0,0.28571428571428575,0.14041176113038709,0.0,0.007613764708685019,0.1480255258390721
T2-F4,t2-F4-ust10y-supply-2023,350,0.13435788195714582,0.0,0.016365640750144697,0.7142857142857143,0.0,0.28571428571428575,0.09596991568367559,0.0,0.0046758973571842,0.10064581304085979
T2-F4,t2-F4-vaccine-timeline-2020,308,0.023990372994710005,0.0,0.0033797896189065066,0.7142857142857143,0.0,0.28571428571428575,0.017135980710507148,0.0,0.0009656541768304305,0.01810163488733758
