,family,asset type,M0,M1.1,"M1.2, 3 months","M1.2, 6 months","M1.2, 1 year","M1.2, 300 rows (M0)","M1.2, 2 years"
t2-F1-ai-mom-2024,T2-F1,equity_factor,1.0,1.0,1.5137120308757064,1.0262773097659843,1.0199282985487748,1.0088526152455632,0.86718114685934
t2-F1-aud-on-hold-2016,T2-F1,fx,1.0,0.995480572784614,1.7061149111921163,1.2555832326836693,1.0855615829529732,0.9953323948081272,0.9285704934728123
t2-F1-cad-boc-2017,T2-F1,fx,1.0,1.0196964284124597,1.8943400294541843,1.2446222573161048,0.9727822743663076,1.0042102566558673,0.9361027816458329
t2-F1-chf-highly-valued-2021,T2-F1,fx,1.0,1.0373054989492734,1.8921402237779716,1.2070221321188623,0.987358873496176,0.9779957378934739,0.9507280334676369
t2-F1-conflicting-texts-2024,T2-F1,rates,1.0,1.0,1.614103498806987,1.2256421456992501,1.018098612201607,0.9973165771700652,1.0955934631353994
t2-F1-considerable-period-2003,T2-F1,rates,1.0,1.0,2.4035951685936814,1.6735574635781592,0.9668139093687845,0.9851127317252054,0.8052009665796045
t2-F1-conundrum-2005,T2-F1,rates,1.0,1.0,1.6839202918448044,0.9914147855153347,1.0635616999187714,0.9961405996083776,0.8843278382541183
t2-F1-cpi-glidepath-2023,T2-F1,cpi,1.0,0.8517246989825102,0.8517246989825102,0.8517246989825102,0.8517246989825102,0.8517246989825102,0.8517246989825102
t2-F1-dkk-peg-2019,T2-F1,fx,1.0,1.0058572110652553,1.2382953539303654,1.0694090863455419,1.0386734819684196,1.0027268956209114,0.8462833093673031
t2-F1-eur-range-2017,T2-F1,fx,1.0,0.9527603123275588,1.2948258006659805,1.0585120434103845,0.9725127968393881,0.953574704812373,0.8288652598031923
t2-F1-fed-put-2019,T2-F1,equity_factor,1.0,1.0,1.4896117016484571,1.0332351588945048,0.9890634413037769,0.9857880278485546,1.0379254587713715
t2-F1-greater-confidence-2024,T2-F1,rates,1.0,1.0,1.0104785293726046,0.9708199545388372,0.9953538103039117,1.003688871266666,1.0065738841850655
t2-F1-hawkish-cut-2024,T2-F1,rates,1.0,1.0,1.0268674510756246,0.9630374514141152,0.9882157850901524,1.0066132082546286,1.0421981717187987
t2-F1-jpy-ycc-flex-2018,T2-F1,fx,1.0,1.0341742186699998,1.801679550378352,1.4407035928623029,1.1044307561183033,1.0394682485550608,0.8853083058960194
t2-F1-liftoff-telegraph-2015,T2-F1,rates,1.0,1.0,1.5716081525541847,1.3302861265982096,0.9422919637961891,0.9795180597106079,1.1118516466426374
t2-F1-measured-pace-2004,T2-F1,rates,1.0,1.0,0.9225612026622694,1.0048803214959907,1.0218044661288275,1.000560718148286,1.0010581615833412
t2-F1-normalization-2017,T2-F1,rates,1.0,1.0,1.4448685897279336,1.0714042046233077,1.0416803464836928,1.007275096372732,0.968092115743438
t2-F1-patient-dropped-2015,T2-F1,rates,1.0,1.0,1.7338362580558968,1.3962279004880094,0.9862739661904019,0.9984362216031185,1.19876418849632
t2-F1-pause-2006,T2-F1,rates,1.0,1.0,1.8451055284569562,1.0299514026678225,1.0220083558987647,0.9941675395073059,1.0969219461122384
t2-F1-qe3-end-2014,T2-F1,rates,1.0,1.0,1.9430416875501733,1.4495425079495394,1.0621907020415762,1.002089087560284,0.9807982919518555
t2-F1-sahm-watch-2024,T2-F1,unemployment,1.0,1.0,1.0,1.0,1.0,1.0,1.0
t2-F1-third-cut-2019,T2-F1,rates,1.0,1.0,1.2871607932293916,1.1135323655893339,1.002958257282637,1.0019788893710564,0.9671481443845916
t2-F1-ust-positioning-2018,T2-F1,rates,1.0,1.0,1.7165647557795234,1.3286954398929303,1.059012924075633,1.0024998666216918,1.0176796063865197
t2-F2-abenomics-2012,T2-F2,fx,1.0,0.9655871085108465,1.3522621551658567,1.2025939035648947,0.9161870181837335,0.9626162211233213,0.9432856979024614
t2-F2-act-as-appropriate-2019,T2-F2,rates,1.0,1.0,1.0597525530791263,0.9824949187756957,0.9758680714161663,0.9882410452320451,0.962134262643072
t2-F2-aud-taper-2013,T2-F2,fx,1.0,1.0473148408760857,1.2983002464818663,1.020186821752969,1.108902135634277,1.03467737942586,0.9981386837389188
t2-F2-boj-thin-signal-2014,T2-F2,fx,1.0,0.9898181183361028,1.2813802136063277,1.270693198627273,0.9863255255777266,0.9966538825476697,0.9941803615486386
t2-F2-cnh-stress-2015,T2-F2,fx,1.0,1.0001385452906333,0.03226633299060753,0.979953151729289,0.9876969426692372,0.9897144165756435,0.998914331464855
t2-F2-cnh-tradewar-2018,T2-F2,fx,1.0,1.0301312020608964,0.8248152030219805,0.8204971007460066,1.0556637639155249,1.022192937303726,1.173166206264198
t2-F2-considerable-removal-2004,T2-F2,rates,1.0,1.0,0.890949353451228,0.8980333099336282,0.9357180220090315,0.9810851120210693,0.9425914111879146
t2-F2-credit-crunch-2007,T2-F2,rates,1.0,1.0,1.1702112253537704,1.033991599281849,1.0308109335351368,0.992797509294683,1.0763507057773907
t2-F2-cut-sizing-2024,T2-F2,rates,1.0,1.0,1.1728359775466666,0.9735293926945243,0.9941638568849955,1.0080320964739413,1.1048788298021364
t2-F2-draghi-precommit-2014,T2-F2,fx,1.0,0.9997121294767131,1.3321889817005088,1.1099909733683582,1.0374243540455508,0.999922053026419,0.8955161023395999
t2-F2-ecb-qe-telegraph-2014,T2-F2,fx,1.0,1.0000285457727682,1.2857811160225654,1.1127003555085981,1.0312057953125213,1.0076388472423439,0.9380975171763677
t2-F2-eur-parity-2022,T2-F2,fx,1.0,0.9959342682503258,1.1612722818911276,0.9673371322260151,0.9898671429613216,1.00342255246405,0.9562797856327245
t2-F2-fragile-five-brl-2013,T2-F2,fx,1.0,0.9655666349291983,1.0747034076987578,1.2378777104707799,1.0241775726503821,0.9747473529927162,0.9470003531984055
t2-F2-fragile-five-inr-2013,T2-F2,fx,1.0,1.0106611068108702,1.0360834384047544,1.0679058733773583,1.0639264796907106,1.0199098708492849,0.9880610271126
t2-F2-higher-for-longer-2023,T2-F2,rates,1.0,1.0,1.3304092473713964,1.120529414311496,1.0475701681933374,1.0009906457347615,1.068765490468657
t2-F2-nirp-paradox-2016,T2-F2,fx,1.0,0.9931281664488821,1.2494449866240809,1.227747529777745,1.004110572443935,1.0150973463249664,0.9211840749594826
t2-F2-opec-cad-2014,T2-F2,fx,1.0,0.9862041321620543,1.3446962431582448,1.1304071159146836,0.9947122608590429,0.9833042865135522,1.0254453858736463
t2-F2-powell-pivot-2019,T2-F2,rates,1.0,1.0,1.6193859954377876,1.3931425080079356,1.022120399873365,0.9947642129037009,1.048590164219415
t2-F2-qe2-jackson-hole-2010,T2-F2,rates,1.0,1.0,1.3382322437775962,1.304943122580465,1.0105135443704845,0.998185913768193,1.0411637109308312
t2-F2-shunto-nirp-exit-2024,T2-F2,fx,1.0,0.9966084749928166,1.3964199794621528,1.1513609872483055,0.9916447774082509,0.9833487405353917,0.9760487210899125
t2-F2-some-pain-2022,T2-F2,rates,1.0,1.0,1.2781567926210835,1.1284297422148488,1.0727654602728303,1.0064256259574087,1.0838280309915238
t2-F2-taper-begins-2013,T2-F2,rates,1.0,1.0,1.842448797685707,1.4554301007722161,1.0308695160623296,1.0094624248875763,0.9843486309546041
t2-F2-taper-testimony-2013,T2-F2,rates,1.0,1.0,1.307027706538399,1.2934434143871798,1.0036140780019596,0.9992468169973915,0.9261101752952398
t2-F2-time-has-come-2024,T2-F2,rates,1.0,1.0,1.0512366688507004,0.9480606736233471,0.9800772344502745,1.0103200003872703,1.1474564648635956
t2-F2-trade-war-escalation-2019,T2-F2,rates,1.0,1.0,1.1672456081819051,1.0706902125419573,1.033937544261546,1.0107596494963214,0.9489824365037223
t2-F2-trichet-alertness-2008,T2-F2,fx,1.0,0.9967222405947943,1.2521659228914448,1.0368074909572884,1.0288254229250478,0.9956904815764308,0.9763196385424706
t2-F2-whatever-it-takes-2012,T2-F2,fx,1.0,0.9943917415034629,1.379135470361061,1.1900933641409428,1.090270572025036,0.99668699123529,0.8427965648280129
t2-F3-bear-flattener-2022,T2-F3,rates,1.0,1.0,1.3194952500194117,1.131039571104404,1.0083420168224193,1.0033091259270241,1.0993531876012048
t2-F3-boj-ust-channel-2023,T2-F3,fx+rates,1.0,0.9915626664238832,1.2632538270332665,1.0635492256658714,0.9822402459564453,0.9781226106231906,0.9619937803549667
t2-F3-brexit-joint-2016,T2-F3,fx,1.0,1.0029284369616123,1.1729848212936116,1.1243619169255474,0.9918636035830346,1.006204148482849,0.9589171346737388
t2-F3-conundrum-joint-2005,T2-F3,rates,1.0,1.0,1.760785131387393,0.979462177734404,1.002272467996747,0.9939837992735568,0.9553688206363606
t2-F3-covid-curve-2020,T2-F3,rates,1.0,1.0,1.1462753279994626,1.0409964729876464,1.006059016411104,0.9977791837370935,0.9746149363870107
t2-F3-cpi-shock-cross-2022,T2-F3,equity_factor,1.0,1.0,1.2014518793236928,1.1122057842369912,1.0116901568439436,0.9941050298626907,0.9887977068123339
t2-F3-divergence-2014,T2-F3,fx+rates,1.0,1.0158180445363947,1.5988036965616865,1.357210746567358,0.9776429075863519,1.0238263344650482,0.965760840532141
t2-F3-dollar-squeeze-2020,T2-F3,fx,1.0,1.0089639921377451,1.2700858152283203,1.0673736677064563,0.9898855008089801,1.0144972253685602,0.9108715062087447
t2-F3-dollar-vortex-2022,T2-F3,fx+rates,1.0,0.9911396244007245,1.1824048822104507,1.0052183596765003,0.9659438239086319,0.988523305164895,0.9950464611721194
t2-F3-dots-vs-oil-2014,T2-F3,rates,1.0,1.0,1.5643026911387063,1.2992565257248885,1.0119724186220922,0.9963387946798494,0.9899680838571957
t2-F3-election-2024-joint,T2-F3,fx+rates,1.0,0.9989531646961973,1.244410619651255,1.0825416207036338,0.9864870589686195,0.9983606576522596,0.9813773288487019
t2-F3-fragile-five-joint-2013,T2-F3,fx,1.0,1.0055293298743615,1.4584500571329735,1.3897379187431467,1.0889721721641061,1.0115300530099807,0.9637306643059437
t2-F3-funding-flip-2024,T2-F3,fx,1.0,0.9985074286090304,1.2590013844788202,1.1080631640757233,0.9823300425112812,0.9908854263033979,0.9796834047225205
t2-F3-hiking-year-curve-2018,T2-F3,rates,1.0,1.0,1.4567358821843126,1.193445181462562,1.023618991529373,0.9992068249059889,0.9929738935706856
t2-F3-inversion-persistence-2019,T2-F3,rates,1.0,1.0,1.398102637876369,1.1935859291724356,1.0426886243032125,0.9952544571281039,0.9464576654098931
t2-F3-oil-fx-split-2022,T2-F3,fx,1.0,0.9990681641199355,1.3301367258151455,1.0192284594440326,1.005733234357766,1.0023965540335633,0.9401361240921844
t2-F3-rates-into-factors-2022,T2-F3,equity_factor,1.0,1.0,1.6319074115600953,1.1967133492750115,1.0050949629600454,0.9979538022449622,0.9322426123088605
t2-F3-safe-haven-paradox-2011,T2-F3,fx+rates,1.0,0.976519941053581,1.4355062852934768,1.2454975489522027,0.9711065715619487,0.9711935911700594,0.9755635808792402
t2-F3-scandies-stress-2022,T2-F3,fx,1.0,0.9959881587399368,1.3095874051613625,1.0093476302134812,0.9979141761813985,1.0005481578431512,0.9731969414935394
t2-F3-taper-steepener-2013,T2-F3,rates,1.0,1.0,1.6819242382186097,1.3776647254303866,1.0182250656253025,0.9962995553528403,0.9396911872460116
t2-F3-term-premium-steepener-2023,T2-F3,rates,1.0,1.0,1.1653528609114872,1.03764156732196,1.0118306408858033,1.0006689074336024,1.0531899250568713
t2-F3-vaccine-rotation-2020,T2-F3,equity_factor,1.0,1.0,1.296897747114175,1.1106009303051694,1.0066815261105342,0.9994404013844561,0.9946342045001599
t2-F4-aud-gfc-2008,T2-F4,fx,1.0,0.9974490062474132,1.1195732108576957,1.0807497526742897,0.9972685619632157,0.9961227847255218,1.0219555276862948
t2-F4-chf-floor-strain-2015,T2-F4,fx,1.0,1.0063035588345612,1.0220392431593701,1.0035940602708904,0.9823736762491889,0.9993320467881935,0.9728110044167682
t2-F4-china-panic-2016,T2-F4,equity_factor,1.0,1.0,1.1233137806473807,1.0529791196425053,1.0255765556509226,0.9990219440953456,1.0149907838358858
t2-F4-china-stress-mkt-2015,T2-F4,equity_factor,1.0,1.0,1.1025101019039591,1.0296323947407002,1.015758521694841,0.9851365559745573,1.0129784043307315
t2-F4-covid-mkt-2020,T2-F4,equity_factor,1.0,1.0,1.1251028271382588,1.0332935668126124,0.9795655234014775,0.9916375295688966,0.9907002217577638
t2-F4-covid-nfp-2020,T2-F4,payrolls,1.0,1.0,1.0,1.0,1.0,1.0,1.0
t2-F4-covid-rates-2020,T2-F4,rates,1.0,1.0000000000000002,1.0575426708743731,1.0273331826534324,1.0181812289770562,0.998900907228532,0.9872319814729217
t2-F4-cpi-friday-2022,T2-F4,rates,1.0,1.0,0.900003485387668,0.904066662380661,0.9650064265800042,0.9935542374247883,1.0859893118117578
t2-F4-cpi-vintage-2022,T2-F4,cpi,1.0,0.8935788828922542,0.8935788828922542,0.8935788828922542,0.8935788828922542,0.8935788828922542,0.8935788828922542
t2-F4-eur-warnings-2022,T2-F4,fx,1.0,0.997800361058093,1.0630076177552306,0.9586370856508002,0.979237156729217,0.9895147927269271,0.9629403488244246
t2-F4-factor-stress-2008,T2-F4,equity_factor,1.0,1.0,1.1226034424008924,1.0363679168517652,1.0070711026159793,1.0049678210183706,1.0279961361334609
t2-F4-funding-stress-10y-2008,T2-F4,rates,1.0,1.0,1.1412313706451616,1.075984475021584,1.0337516517498055,1.0057896921174045,1.0194681111688313
t2-F4-funding-stress-2y-2008,T2-F4,rates,1.0,1.0,1.1213736870144424,1.0824016747446854,1.0277707097707887,1.0065530392386144,1.1666333587621378
t2-F4-gbp-brexit-2016,T2-F4,fx,1.0,1.0073638489583154,1.0627276746978844,1.0273166352576069,1.0218538740953806,1.0098603584916628,0.9471733690134589
t2-F4-gbp-conference-2016,T2-F4,fx,1.0,1.0049072048420773,1.0979560223097136,1.0318964911998036,1.0229612635286842,1.0048692033563202,0.9686471771743286
t2-F4-hike-cycle-2021Q4b,T2-F4,rates,1.0,1.0,1.1767846428504873,0.9783687495389595,0.9314077581380725,0.986716183272393,1.1052360900709584
t2-F4-hml-covid-2020,T2-F4,equity_factor,1.0,1.0,1.1485451132280702,1.1007763744167158,1.0161684751050266,0.9876903814634141,1.007047193874218
t2-F4-jpy-carry-2007,T2-F4,fx,1.0,1.0011013306605256,1.2395686166611872,1.0882348695129267,1.0423080325245566,1.0166574516512483,1.0045153115200123
t2-F4-jpy-crowding-2024,T2-F4,fx,1.0,0.9951728015986916,1.0774618951647434,1.013125315144403,0.9715609950978521,0.9874914506985932,0.9949576031871541
t2-F4-mkt-selloff-2011,T2-F4,equity_factor,1.0,1.0,1.0370718144862865,1.015902283181303,0.9879195474887129,0.990921335391179,1.0119793385159743
t2-F4-momentum-reversal-2009,T2-F4,equity_factor,1.0,1.0,1.139852868306078,0.9193479070368671,0.98419086824842,0.9797142956223133,0.9508783130096621
t2-F4-nok-covid-2020,T2-F4,fx,1.0,0.995630326458035,1.1173850158267244,1.010049004145616,0.9901713939308687,0.991471198882077,0.9647211169954535
t2-F4-powell-december-2018,T2-F4,equity_factor,1.0,1.0,1.1382280220645893,1.036103681810062,0.9872120186294375,0.9887267631612308,1.0061082556338192
t2-F4-qe1-expansion-2009,T2-F4,rates,1.0,1.0,1.406756145334351,1.3802144897377315,1.074557946582187,0.9972863118718807,1.106309666983818
t2-F4-quant-crowding-2007,T2-F4,equity_factor,1.0,1.0,1.0139727993889822,1.0099662077347775,1.0040385567764156,0.9980304923088854,0.9845881355053505
t2-F4-short-vol-2018,T2-F4,equity_factor,1.0,1.0,1.111226483898291,0.9986979238531811,0.9928584727106924,0.9927795987621368,1.0273218723224056
t2-F4-svb-whiplash-2023,T2-F4,rates,1.0,1.0,0.9465440938885828,0.9160450421544065,0.9647221678568628,0.9892346207253138,1.0928269235782802
t2-F4-taper-warning-2013,T2-F4,rates,1.0,1.0,1.2636213576938886,1.2760030656077017,1.0150604510891568,1.0007060346014507,0.9518078376312482
t2-F4-ust-downgrade-watch-2011,T2-F4,rates,1.0,1.0000000000000002,1.072849189071641,1.101599412162156,0.9918986697771539,0.9974495597833604,1.0014925545855033
t2-F4-ust10y-supply-2023,T2-F4,rates,1.0,1.0,1.07939310181663,1.0306401731615038,1.0223219923940297,1.0022377401936498,1.0181051875059084
t2-F4-vaccine-timeline-2020,T2-F4,equity_factor,1.0,1.0000000000000002,1.0957212633051867,1.0109254462952286,0.9925432145408999,0.9979166311898953,0.9991298200293598
