,T2-F1,T2-F2,T2-F3,T2-F4,all units
3,0.8946783412327994,1.0104036754840868,0.9388683685431133,0.9940612356753865,0.9643641116534972
4,0.8928829095797555,1.0006260681367114,0.9244844222548935,0.9817632376669551,0.9546264894884355
5,0.8944678848196943,0.9995874017448348,0.9207541508903444,0.9768528320223524,0.9524334981577088
6,0.8944134934673919,0.9989585106625302,0.9190770802305098,0.9770915949480061,0.9519701489912402
8,0.8950284404205009,1.0019925528978408,0.9201445626675653,0.9776061768308806,0.9532856788189995
10,0.8961252068600732,1.0016250081054878,0.9196500085695202,0.977065465124623,0.9531658697477923
15,0.8977806521930608,0.9998599391603684,0.9203006067962787,0.9771366671228701,0.9532332367776452
30,0.9003398232972283,1.0012409611947375,0.9209542117334144,0.97807947308059,0.9545900797255105
normal,0.9013632780710412,1.0038878314075779,0.9226785305475821,0.9803426401054066,0.9565619063976015
fitted per date (M1.3),0.8950514688192118,0.9994900600560884,0.9194424816082498,0.9763239015386382,0.9520989412372383
