family,unit,target,dates,M1 CRPS,CRPS ÷ M0,M1 variogram,variogram ÷ M0,M1 tail,tail ÷ M0,M1 weighted sum,M0 weighted sum,score vs M0,type
T2-F1,t2-F1-ai-mom-2024,log_return,355,0.06965703686770036,1.0,0.0,,0.007327500491698728,1.0,0.05184859790312847,0.05184859790312847,1.0,FX
T2-F1,t2-F1-aud-on-hold-2016,level,237,0.053220840733107656,0.9879015016577252,0.014161795475218916,0.9952988994070646,0.006057307195515017,1.01470076066816,0.03207042044822251,0.032398825100394456,0.995480572784614,FX
T2-F1,t2-F1-cad-boc-2017,level,247,0.04672982122332802,1.037312616180049,0.017470952156495783,1.0154362286412268,0.006269972929566915,0.9820462586503353,0.029860190844526124,0.028962993869994708,1.0196964284124597,FX
T2-F1,t2-F1-chf-highly-valued-2021,level,306,0.027768653429171963,1.0218642279621768,0.012066353469136688,1.0629451616284835,0.004045156535330304,1.0374491823981997,0.018313264062393052,0.017772622900451455,1.0373054989492734,FX
T2-F1,t2-F1-conflicting-texts-2024,level,350,0.5390774059045244,1.1173432872691758,0.21413429141184764,1.6608621791754983,0.08323295572408165,1.1886174970311965,0.3504255815206328,0.2939156553428217,1.2946537967934768,rates
T2-F1,t2-F1-considerable-period-2003,level,37,0.5320466629733799,0.9699495364363545,0.12994251408660945,0.9428389499588248,0.05548342479874723,1.018790774321077,0.3161027706724222,0.32650328439107656,0.9715846080700401,rates
T2-F1,t2-F1-conundrum-2005,level,60,0.4623742455190536,0.9230433579676613,0.119151088344053,0.9349579978897068,0.06113836048993666,0.9953297656422099,0.2791601213607301,0.3009788829942489,0.9410750314791847,rates
T2-F1,t2-F1-cpi-glidepath-2023,level,11,4.306612254787665,0.9034694995039069,0.32113450591083753,0.8156628406562683,1.2310953826183473,0.7764554851683816,2.495865555690753,2.818593909536917,0.8517246989825102,macro
T2-F1,t2-F1-dkk-peg-2019,level,275,0.3325062514346428,1.015540991442356,0.0,,0.05081675683855041,0.9816477601225023,0.25202353869290217,0.24866040768363096,1.0058572110652553,FX
T2-F1,t2-F1-eur-range-2017,level,250,0.06852493973632172,0.9622883858966199,0.014755152110380443,0.8998918531904747,0.010650178027307597,1.0082428171105313,0.04081905110673651,0.04263679617608429,0.9527603123275588,FX
T2-F1,t2-F1-fed-put-2019,log_return,280,0.041274399412528605,1.0,0.0,,0.0050809416397193646,1.0,0.03093341147744025,0.03093341147744025,1.0,FX
T2-F1,t2-F1-greater-confidence-2024,level,345,1.765795588278306,2.3782996952661315,2.2569143755924945,8.275471211123014,0.30390952221934536,1.7604089550446058,1.6207540112607706,0.48757483246539113,4.023873001978892,rates
T2-F1,t2-F1-hawkish-cut-2024,level,358,1.9056808654686297,2.4363780716909256,2.448713859739075,8.95359081937947,0.3086021037367929,1.7549072469357556,1.7491750114033957,0.5083059711374085,4.255247731046455,rates
T2-F1,t2-F1-jpy-ycc-flex-2018,level,263,8.21378897158288,1.034237143145784,1.6626369196246549,1.0543908323769915,1.3181864571953095,1.0036919869200522,4.869322853117898,4.706669242779644,1.0341742186699998,FX
T2-F1,t2-F1-liftoff-telegraph-2015,level,221,0.10845297667902394,0.9855448385565561,0.08331193977711099,1.2292275065100846,0.020342707975166213,1.2841385389262518,0.08328861186767851,0.07852289730862877,1.1183683790165537,rates
T2-F1,t2-F1-measured-pace-2004,level,51,0.4263133881542184,0.6714699107677183,0.1211235167387234,0.7277789928813594,0.04203947204079817,0.6743547950437211,0.2579016435068858,0.37984462379239275,0.6889396122570113,rates
T2-F1,t2-F1-normalization-2017,level,249,0.3734631480124335,0.9975941412442244,0.0,,0.03709527383986196,1.0708333797081815,0.2773580411059845,0.2773002958700641,1.0185196379482122,rates
T2-F1,t2-F1-patient-dropped-2015,level,215,0.10620587435433401,0.9064270183187362,0.0,,0.01820948337943451,1.1337900175147992,0.08106404836150558,0.08828149276951376,0.9713878752318971,rates
T2-F1,t2-F1-pause-2006,level,82,0.3974586984805329,1.280303866004267,2.5310365816354086,1.9122293163284865,0.058588003221843564,1.511960572323023,0.9697579243752577,0.5600519401091391,1.516212842365284,rates
T2-F1,t2-F1-qe3-end-2014,level,206,0.5450188180754507,0.9864832353847834,0.15690078777611588,1.1543897773000686,0.053732538869019526,1.0358712353961483,0.33032615314436403,0.32739268554994366,1.046732797961642,rates
T2-F1,t2-F1-sahm-watch-2024,level,12,1.7413807987295522,0.9597247510924638,1.6110874173553331,0.9823165550469168,0.5469163318016574,0.9278164596964319,1.4633998909317076,1.5171494575061972,0.9601206339995934,macro
T2-F1,t2-F1-third-cut-2019,level,281,0.35550339103988043,1.3085652675400712,0.10160479863005313,2.106784538521427,0.0814416107166432,1.4157020628155041,0.22452145725228478,0.16181078954725955,1.5694584078895648,rates
T2-F1,t2-F1-ust-positioning-2018,level,265,0.4121888797015027,1.0501359730169708,0.14334143904032118,1.421923405318605,0.04224817464450255,1.1340216945682506,0.2575465064917482,0.23394847779762412,1.1784493470177169,rates
T2-F2,t2-F2-abenomics-2012,level,186,2.230542372150699,0.9714346041211106,0.0,,0.2900800398937374,0.9509683694851864,1.6761245629344241,1.7272477789741572,0.9655871085108465,FX
T2-F2,t2-F2-act-as-appropriate-2019,level,283,0.14622367158078567,1.1963972607314894,0.0,,0.025816978156294156,1.3533297270930271,0.11182175917378812,0.0927504663659794,1.2412351082633575,rates
T2-F2,t2-F2-aud-taper-2013,level,193,0.036294472251090906,1.028276493444772,0.0,,0.004245515442971954,1.0949107094543709,0.027137627448771205,0.026319580816658056,1.0473148408760857,FX
T2-F2,t2-F2-boj-thin-signal-2014,level,214,2.6200117213668386,1.0088379337256517,0.0,,0.36656061179073846,0.9422685798622308,1.9761685472022388,1.9661905595729718,0.9898181183361028,FX
T2-F2,t2-F2-cnh-stress-2015,level,142,0.01675636561971182,1.0001808762219666,0.0,,0.008087218487517145,1.0000327179622999,0.014279466439084771,0.014277226356611413,1.0001385452906333,FX
T2-F2,t2-F2-cnh-tradewar-2018,level,142,0.04687456648914835,1.0237987445223031,0.0,,0.011502158108415182,1.045962345907379,0.036768164094653166,0.0358454510810982,1.0301312020608964,FX
T2-F2,t2-F2-considerable-removal-2004,level,52,0.21804726853613163,0.7823774858029847,0.0,,0.029160866293876268,0.8399062578698715,0.1640797250383444,0.20898997718359835,0.7988142778220954,rates
T2-F2,t2-F2-credit-crunch-2007,level,105,0.20184573114441262,1.215591342071607,0.0,,0.026186963078909335,1.2191030050664848,0.15165751169712596,0.12474254657186934,1.2165946743558578,rates
T2-F2,t2-F2-cut-sizing-2024,level,361,0.37368039237501455,1.2434773929538074,0.3361197718016558,5.07586624811986,0.05374511050374759,1.2223095897717882,0.2984251498287535,0.1789159907307934,2.388960488867219,rates
T2-F2,t2-F2-draghi-precommit-2014,level,208,0.04237205282683444,0.9988186807011978,0.0,,0.004018583489448716,1.001945751415501,0.03141391873043852,0.03144748482511956,0.9997121294767131,FX
T2-F2,t2-F2-ecb-qe-telegraph-2014,level,216,0.03970161162085249,0.9993085666435526,0.0,,0.00407936018667688,1.0018284935958068,0.029523825496802318,0.029541319656994674,1.0000285457727682,FX
T2-F2,t2-F2-eur-parity-2022,level,329,0.02587945099645337,0.9985311011076111,0.0,,0.003100325284727748,0.9894421861071129,0.019371129364531763,0.019407774357600424,0.9959342682503258,FX
T2-F2,t2-F2-fragile-five-brl-2013,level,117,0.23960896710209023,1.0073804993915196,0.0,,0.03420905126470074,0.8610319737733946,0.1809232768628361,0.1812468615332612,0.9655666349291983,FX
T2-F2,t2-F2-fragile-five-inr-2013,level,142,0.4546557828883984,1.0116808742802552,0.0,,0.07250247049264066,1.0081116881374077,0.3454691222038962,0.3415528273116219,1.0106611068108702,FX
T2-F2,t2-F2-higher-for-longer-2023,level,347,0.28485676830031215,1.0536086765100323,0.0,,0.041183807011210403,1.2690539094136073,0.21523592221771165,0.20238851102599212,1.115164457339625,rates
T2-F2,t2-F2-nirp-paradox-2016,level,233,3.0608861727813625,1.0164432123707619,0.0,,0.4386201346732352,0.9348405516441827,2.3116673047504697,2.28503326122666,0.9931281664488821,FX
T2-F2,t2-F2-opec-cad-2014,level,216,0.01954146776819826,0.987752294061163,0.0,,0.0024174866428677243,0.9823337274142823,0.014648901732389533,0.014834399058494261,0.9862041321620543,FX
T2-F2,t2-F2-powell-pivot-2019,level,273,0.16925761320852864,1.2398613887713312,0.0,,0.029112353385558776,1.6990022713512334,0.12921611040196582,0.10240523083924175,1.3710444980798748,rates
T2-F2,t2-F2-qe2-jackson-hole-2010,level,151,0.38563838697705705,1.0295614036288612,0.0,,0.049104414668698824,1.2096173340032796,0.2894858234603833,0.2791454991616495,1.0810059551644093,rates
T2-F2,t2-F2-shunto-nirp-exit-2024,level,355,2.9864139562773993,1.0039218566334602,0.0,,0.4818599925192869,0.9783250208912069,2.2708271094893675,2.265544071939788,0.9966084749928166,FX
T2-F2,t2-F2-some-pain-2022,level,331,0.24003856246657185,0.9729868058663493,0.0,,0.03585253314237775,1.1638065547301575,0.18169969694537355,0.18501807064827286,1.0275067341131516,rates
T2-F2,t2-F2-taper-begins-2013,level,197,0.47913924621698767,0.9538880982669636,0.0,,0.05130476553376037,0.9786992065394005,0.356900823164637,0.3737641915214273,0.9609769863448028,rates
T2-F2,t2-F2-taper-testimony-2013,level,192,0.2953719383127626,0.9860738181763047,0.0,,0.03671064077031203,1.0525681480770746,0.22146871044349103,0.22392451343669126,1.0050721981479533,rates
T2-F2,t2-F2-time-has-come-2024,level,361,0.4582057309987743,1.4283084593750708,0.0,,0.0640815944645403,1.1153225662425166,0.345598834846136,0.2455609490975247,1.3388839184800554,rates
T2-F2,t2-F2-trade-war-escalation-2019,level,285,0.2163004933448574,1.059620506391551,0.0,,0.02741683925884871,1.1139595549714545,0.16233373503456922,0.15283926739675122,1.075145948842952,rates
T2-F2,t2-F2-trichet-alertness-2008,level,119,0.025712296530966267,0.9955674156209019,0.0,,0.003087777290976493,0.9996093030295251,0.019248148176683473,0.019330263966748577,0.9967222405947943,FX
T2-F2,t2-F2-whatever-it-takes-2012,level,180,0.05353095057644476,0.9937204142138485,0.0,,0.005073892793026215,0.9960700597274985,0.039686076924039464,0.03993342259511822,0.9943917415034629,FX
T2-F3,t2-F3-bear-flattener-2022,level,324,0.2900746071359589,0.9325170088789462,2.8800161006842755,0.9963283451259786,0.04936559136201439,1.0751778521008017,1.018915252045665,1.0319047706415991,0.980192578397427,rates
T2-F3,t2-F3-boj-ust-channel-2023,level,344,1.3267106671286977,1.0027829027840502,1.7654778033586482,1.0022754941419447,0.19869213383063655,0.9885384428247548,1.2327371013380706,1.230154452050563,0.9997817881995594,mixed
T2-F3,t2-F3-brexit-joint-2016,level,239,0.6337027939137317,1.0083245058395505,2.912459948981191,1.0260328076048009,0.086334096743998,0.9547817088019838,1.2078562010000229,1.1838893605291858,1.0029284369616123,FX
T2-F3,t2-F3-conundrum-joint-2005,level,64,0.41571994409552804,0.9855106153487588,2.5160683924260345,0.9435475581705299,0.058653744679194805,1.116437639275773,0.9744112387114133,1.021404741105609,0.9991071029806929,rates
T2-F3,t2-F3-covid-curve-2020,level,293,0.14802628251336922,1.0510480341708943,1.2100749869663687,1.048137196570893,0.021182579863729584,1.155746059172955,0.44127215331934105,0.42043420069502596,1.071114387891306,rates
T2-F3,t2-F3-cpi-shock-cross-2022,log_return,333,0.035682774687367774,1.0,0.1170033811696288,1.0,0.005163099447551025,1.0,0.05397502158408273,0.05397502158408273,1.0,FX
T2-F3,t2-F3-divergence-2014,level,208,1.3506067841610896,1.0178546981796457,4.661010846428139,1.0728199430083938,0.1955691170134783,0.9671685411164639,2.112720469411682,2.007289573706122,1.0242070402156338,mixed
T2-F3,t2-F3-dollar-squeeze-2020,level,295,0.31250169575264425,1.0109297379409476,6.9397152436509035,1.0148949335703918,0.0408350396983447,0.9951532154807686,2.2463324289112623,2.214128021841336,1.0089639921377451,FX
T2-F3,t2-F3-dollar-vortex-2022,level,330,0.6018107118600672,0.9912420215548345,2.8843847331148553,0.9821518893462158,0.08656700304876619,0.9722027147398858,1.1835341764742433,1.2024127142409198,0.9847071205292592,mixed
T2-F3,t2-F3-dots-vs-oil-2014,level,212,0.2785348086551712,0.990584971938964,1.0730654994348168,0.9385875003668941,0.030581630519930864,1.0274828279733101,0.4673033802620168,0.48952690081313643,0.9823653016742122,rates
T2-F3,t2-F3-election-2024-joint,level,363,0.7584503959725425,1.0370202605698216,4.295403411812073,1.2816168543558328,0.11682063366248265,1.0040163456437448,1.6912103482623895,1.3944231242925162,1.1037984557204095,mixed
T2-F3,t2-F3-fragile-five-joint-2013,level,114,0.40851951613375975,1.0202128966653896,0.43491160831480724,1.024925146720959,0.05784849629602349,0.9397266876268946,0.34630293982052673,0.33982514522258905,1.0055293298743615,FX
T2-F3,t2-F3-funding-flip-2024,level,360,0.5864652834760882,1.0043900014930554,2.2679074046179615,1.003627510268225,0.0881893716007539,0.976120873910176,0.9912427374435833,0.9879334159447516,0.9985074286090304,FX
T2-F3,t2-F3-hiking-year-curve-2018,level,264,0.2294386199162651,1.0608074322927772,2.0024412702617727,1.061730904544099,0.030032377216925758,1.2147246413949848,0.7214581664800495,0.6788928525522379,1.0918679157886153,rates
T2-F3,t2-F3-inversion-persistence-2019,level,281,0.2343915228227134,1.1128931889696907,0.45004818736551505,1.1449712986316045,0.037869811793302226,1.2198027722006162,0.2597841799796717,0.22943596721532997,1.14389853851445,rates
T2-F3,t2-F3-oil-fx-split-2022,level,324,0.11879503334502889,1.003415997852298,0.849953265490507,0.9950760879211216,0.015210198470849463,0.9941866940872502,0.3174255360138364,0.31850285393777705,0.9990681641199355,FX
T2-F3,t2-F3-rates-into-factors-2022,log_return,319,0.05767100123200878,1.0,0.2057778104106001,1.0,0.007737210668116003,1.0,0.09211628587280761,0.09211628587280761,1.0,FX
T2-F3,t2-F3-safe-haven-paradox-2011,level,164,0.9337981203300937,0.9851101445176225,2.5547436436839766,0.9456575178432083,0.11352911569284471,1.0101218710099835,1.2560279764088087,1.3069003174805485,0.9782767018137704,mixed
T2-F3,t2-F3-scandies-stress-2022,level,333,0.1580301004295124,1.0014789531898443,0.7319065954362935,0.9921139002350932,0.020279331914858846,0.988072560372434,0.302642895228616,0.3043204986908903,0.9959881587399368,FX
T2-F3,t2-F3-taper-steepener-2013,level,188,0.3134219850625626,0.9384152034613841,2.0031192520287973,0.905872119341774,0.04019997342891639,1.0317109147057182,0.7656867628257038,0.8381663992446349,0.9473114204743678,rates
T2-F3,t2-F3-term-premium-steepener-2023,level,347,0.22933640232688385,1.1376653724231605,4.4337842497906195,2.096955918673904,0.03311179488266413,1.1622948442705654,1.4514258350771607,0.7408074472163311,1.4303784306678644,rates
T2-F3,t2-F3-vaccine-rotation-2020,log_return,305,0.027086020188153166,1.0,0.26725692799627676,1.0,0.003935737704926505,1.0,0.09450723603394491,0.09450723603394491,1.0,FX
T2-F4,t2-F4-aud-gfc-2008,level,125,0.01615476019283995,1.0020228182852489,0.0,,0.0023648528616761165,0.9860144761528239,0.012214786669650281,0.012201075921217485,0.9974490062474132,FX
T2-F4,t2-F4-chf-floor-strain-2015,level,219,0.01565716363164531,0.9992784533606357,0.0,,0.0023622421373377827,1.0238663225193743,0.011858614633271732,0.01185095748107602,1.0063035588345612,FX
T2-F4,t2-F4-china-panic-2016,log_return,235,0.020964166063195837,1.0,0.0,,0.002767961101482328,1.0,0.015765250359849124,0.015765250359849124,1.0,FX
T2-F4,t2-F4-china-stress-mkt-2015,log_return,228,0.020452831453353578,1.0,0.0,,0.0029118364316539414,1.0,0.015441118590010827,0.015441118590010827,1.0,FX
T2-F4,t2-F4-covid-mkt-2020,log_return,297,0.019451776978920258,1.0,0.0,,0.0026342850548528173,1.0,0.01464677928632956,0.01464677928632956,1.0,FX
T2-F4,t2-F4-covid-nfp-2020,level,9,129.9918622562661,0.977584551661602,0.0,,17.389670091011048,1.0998652048189106,97.81980735190751,99.49770846656372,1.0125218811351189,macro
T2-F4,t2-F4-covid-rates-2020,level,295,0.10945054422001264,1.0169530470421069,0.0,,0.01481045920752414,1.1060482594597478,0.08241051993073023,0.08070151955989271,1.0424088220185759,rates
T2-F4,t2-F4-cpi-friday-2022,level,330,0.09402887349600297,0.9349645485539202,0.0,,0.016482762364576638,0.9228616351447866,0.07187284174416687,0.07693832134390968,0.9315065732941679,rates
T2-F4,t2-F4-cpi-vintage-2022,level,10,0.9905135763143432,0.9499094305631026,0.0,,0.1838663199224899,0.752752513715133,0.7600429316309565,0.814606246444224,0.8935788828922542,macro
T2-F4,t2-F4-eur-warnings-2022,level,326,0.012864825777458604,0.9987931085179775,0.0,,0.001545869618372616,0.9953184924083809,0.009630838303434036,0.009644019464821815,0.997800361058093,FX
T2-F4,t2-F4-factor-stress-2008,log_return,124,0.014502420244678994,1.0,0.012124717403295756,1.0,0.0017902112914076245,1.0,0.011246667601609748,0.011246667601609748,1.0,FX
T2-F4,t2-F4-funding-stress-10y-2008,level,124,0.13933014335293095,1.0045634914979085,0.0,,0.015431412413265537,1.0577245590949134,0.103930505941598,0.1032377868003987,1.0197523679541958,rates
T2-F4,t2-F4-funding-stress-2y-2008,level,121,0.43964876453787427,1.0133497176094155,0.0,,0.09001803915057748,1.3255919656734265,0.3397542715700752,0.32930001357270083,1.1025617884848473,rates
T2-F4,t2-F4-gbp-brexit-2016,level,241,0.01939505739388695,1.0043392844049461,0.0,,0.0024771649665244638,1.014925260341739,0.014561373843211954,0.014491110628230792,1.0073638489583154,FX
T2-F4,t2-F4-gbp-conference-2016,level,246,0.019765871465888932,1.0004858241504417,0.0,,0.002653622856936571,1.0159606565711663,0.01487665757761683,0.014857890897899394,1.0049072048420773,FX
T2-F4,t2-F4-hike-cycle-2021Q4b,level,317,0.3461017035255179,0.9521922853210243,0.0,,0.0767432951047495,1.3809919611476538,0.2691421582624412,0.27550517805343727,1.0747064784143472,rates
T2-F4,t2-F4-hml-covid-2020,log_return,297,0.014179966193000349,1.0,0.0,,0.0017958300171796646,1.0,0.010641641571337297,0.010641641571337297,1.0,FX
T2-F4,t2-F4-jpy-carry-2007,level,107,1.5403784774037674,1.0011050184472354,0.0,,0.18987743654045974,1.001092111193751,1.154521037157108,1.1532473769948979,1.0011013306605256,FX
T2-F4,t2-F4-jpy-crowding-2024,level,363,1.6028123078942633,1.002027425266185,0.0,,0.22880909467786498,0.9780362424299581,1.2102399612610066,1.2093916319058478,0.9951728015986916,FX
T2-F4,t2-F4-mkt-selloff-2011,log_return,168,0.03806214041950223,1.0,0.0,,0.005675230402894007,1.0,0.028808737557614168,0.028808737557614168,1.0,FX
T2-F4,t2-F4-momentum-reversal-2009,log_return,129,0.04760277322550055,1.0,0.0,,0.00771054088817917,1.0,0.036204992557694445,0.036204992557694445,1.0,FX
T2-F4,t2-F4-nok-covid-2020,level,297,0.134102515608925,1.0022202604536523,0.0,,0.017556609319906564,0.9791554914689908,0.100803685240634,0.10069826873806156,0.995630326458035,FX
T2-F4,t2-F4-powell-december-2018,log_return,279,0.017747304352820455,1.0,0.0,,0.002351720117585668,1.0,0.013348565999896232,0.013348565999896232,1.0,FX
T2-F4,t2-F4-qe1-expansion-2009,level,127,0.2822141056427363,1.0274662277351636,0.0,,0.037219030883311514,1.1808111057639803,0.2122155128543292,0.20519850873904366,1.0712790500291112,rates
T2-F4,t2-F4-quant-crowding-2007,log_return,108,0.006115174693909057,1.0,0.011768283590487587,1.0,0.0008838319282896144,1.0,0.006764838809758727,0.006764838809758727,1.0,FX
T2-F4,t2-F4-short-vol-2018,log_return,266,0.017221351567677654,1.0,0.0,,0.0022183111359758228,1.0,0.012934768587191416,0.012934768587191416,1.0,FX
T2-F4,t2-F4-svb-whiplash-2023,level,341,0.12966180181081033,1.194480516030699,0.0,,0.02176193585340182,1.2774000013855467,0.0988332686801222,0.08240373946296371,1.2181717975606556,rates
T2-F4,t2-F4-taper-warning-2013,level,191,0.30330038373618723,1.0014215674283033,0.0,,0.037283602476763336,1.068797487983841,0.2272955890906376,0.22630236477224358,1.0206718304441713,rates
T2-F4,t2-F4-ust-downgrade-watch-2011,level,167,0.1993465598309773,1.0140916881388948,0.0,,0.029822266409840134,1.1191109617492003,0.15091104742493808,0.14802552583907214,1.0440971948846962,rates
T2-F4,t2-F4-ust10y-supply-2023,level,350,0.1368731101379037,1.0187203619476537,0.0,,0.018730220673662368,1.1444844085005816,0.10311799886240619,0.10064581304085979,1.0546529466770616,rates
T2-F4,t2-F4-vaccine-timeline-2020,log_return,308,0.023990372994710005,1.0,0.0,,0.0033797896189065066,1.0,0.018101634887337577,0.018101634887337577,1.0000000000000002,FX
