family,unit,asset type,dates,CRPS ÷ M0,variogram ÷ M0,tail ÷ M0,production weighted sum,M0 weighted sum,production vs M0
T2-F1,t2-F1-ai-mom-2024,equity_factor,355,0.7270601337278647,,0.8772246617954791,0.03801142871169405,0.05184859790312847,0.769964284604326
T2-F1,t2-F1-aud-on-hold-2016,fx,237,0.8304492201995199,1.0254505651717474,1.1244628195166295,0.028088988701761918,0.032398825100394456,0.94775234355461
T2-F1,t2-F1-cad-boc-2017,fx,247,0.9772885401738922,0.9818819736620114,1.2683945635644074,0.02870063063614936,0.028962993869994708,1.036887774898431
T2-F1,t2-F1-chf-highly-valued-2021,fx,306,0.7850837339384404,0.8460661036632433,0.8009379535985754,0.01417303881956226,0.017772622900451455,0.8065492887879083
T2-F1,t2-F1-conflicting-texts-2024,rates,350,0.9937709312876081,1.0979043800334303,0.9971040031009344,0.29615927928337477,0.2939156553428217,1.0256775802740201
T2-F1,t2-F1-considerable-period-2003,rates,37,1.0222366095340878,0.666210894440023,1.0157440073032225,0.31897260271915234,0.32650328439107656,0.9141303745596953
T2-F1,t2-F1-conundrum-2005,rates,60,0.5363316216769068,0.7504413245869962,0.6612719752333195,0.1711452354001228,0.3009788829942489,0.6255526032612162
T2-F1,t2-F1-cpi-glidepath-2023,cpi,11,1.4588512404666503,1.2839882186258145,1.5979469682482275,4.135363790890068,2.818593909536917,1.4342114794707148
T2-F1,t2-F1-dkk-peg-2019,fx,275,0.7661473766862217,,0.9536281261956244,0.1932834553855787,0.24866040768363096,0.8197133051174796
T2-F1,t2-F1-eur-range-2017,fx,250,0.6887153665965579,0.9980238411288213,0.9268673516337312,0.03138922243832074,0.04263679617608429,0.8291383059636716
T2-F1,t2-F1-fed-put-2019,equity_factor,280,1.241432929117164,,1.0817055373262803,0.03816987974489541,0.03093341147744025,1.1957965314626258
T2-F1,t2-F1-greater-confidence-2024,rates,345,0.914514271285784,0.9064609703742031,0.9826022256204271,0.4475861286340218,0.48757483246539113,0.9257158718792384
T2-F1,t2-F1-hawkish-cut-2024,rates,358,0.8508760465496091,0.91468554540421,0.9517223747882456,0.441287529707638,0.5083059711374085,0.8901881618537166
T2-F1,t2-F1-jpy-ycc-flex-2018,fx,263,0.7910507948715131,1.0945857487189807,1.0491509363823872,3.934599489806605,4.706669242779644,0.9337313093279282
T2-F1,t2-F1-liftoff-telegraph-2015,rates,221,0.8536287154730647,0.6126684648064014,0.8650098994306229,0.0621660732367977,0.07852289730862877,0.7836168770645774
T2-F1,t2-F1-measured-pace-2004,rates,51,0.4239756251652336,0.7124887339724137,0.6296836127372956,0.17801472374778843,0.37984462379239275,0.5516711553218001
T2-F1,t2-F1-normalization-2017,rates,249,0.7400469471848604,,1.0410543772435275,0.20819447989675788,0.2773002958700641,0.8260490700587653
T2-F1,t2-F1-patient-dropped-2015,rates,215,0.7910325016169573,,0.7734268857220827,0.06975274182694151,0.08828149276951376,0.7860023256469932
T2-F1,t2-F1-pause-2006,rates,82,1.4465070540497698,1.361279728713041,1.2020063157412793,0.7743820182851514,0.5600519401091391,1.3720387087870531
T2-F1,t2-F1-qe3-end-2014,rates,206,0.7661734220542462,0.8860685131420374,0.9738811353149825,0.2578831318007946,0.32739268554994366,0.8436834920327307
T2-F1,t2-F1-sahm-watch-2024,unemployment,12,0.98890504371775,1.196862759181284,0.9103783602483503,1.5933797892249384,1.5171494575061972,1.0355870216629304
T2-F1,t2-F1-third-cut-2019,rates,281,1.0021500202851932,1.4520951474182664,0.895482313454809,0.16744133238679962,0.16181078954725955,1.1158000170590383
T2-F1,t2-F1-ust-positioning-2018,rates,265,0.8017069492744637,0.950668195347878,1.034040901494496,0.19379420013211024,0.23394847779762412,0.8928621135404945
T2-F2,t2-F2-abenomics-2012,fx,186,0.877917022818185,,0.8888656405400188,1.5173344357186678,1.7272477789741572,0.8810451993101376
T2-F2,t2-F2-act-as-appropriate-2019,rates,283,1.0607282070398976,,0.9314635392270564,0.09767848304080391,0.0927504663659794,1.0237954448076572
T2-F2,t2-F2-aud-taper-2013,fx,193,0.8272210954399905,,0.9258630372576897,0.021881393633065155,0.026319580816658056,0.8554045073879045
T2-F2,t2-F2-boj-thin-signal-2014,fx,214,0.9874368223202209,,1.2059269939808768,1.9657737815581564,1.9661905595729718,1.0498625856518369
T2-F2,t2-F2-cnh-stress-2015,fx,142,0.9816891248286205,,0.9942302924483831,0.014044774945395957,0.014277226356611413,0.9852723155771241
T2-F2,t2-F2-cnh-tradewar-2018,fx,142,1.9379678153633857,,1.603776901346903,0.06841732912645158,0.0358454510810982,1.8424846970729623
T2-F2,t2-F2-considerable-removal-2004,rates,52,0.6806241124375424,,0.8442219192487258,0.14386647018612414,0.20898997718359835,0.7273663429550234
T2-F2,t2-F2-credit-crunch-2007,rates,105,1.117344326304671,,0.8906651677843653,0.13798918078506364,0.12474254657186934,1.0525788524417268
T2-F2,t2-F2-cut-sizing-2024,rates,361,0.9684915984498295,0.8885440571205259,0.9973863782910141,0.17194451676655348,0.1789159907307934,0.9502862920192754
T2-F2,t2-F2-draghi-precommit-2014,fx,208,0.7983703676927268,,0.9491421517223416,0.02527951498912869,0.03144748482511956,0.8414480202726168
T2-F2,t2-F2-ecb-qe-telegraph-2014,fx,216,0.8042522062458769,,0.927218130399539,0.02390173058275645,0.029541319656994674,0.8393853274326375
T2-F2,t2-F2-eur-parity-2022,fx,329,0.8382171932726707,,0.829660592766699,0.016260269774336884,0.019407774357600424,0.8357724502709646
T2-F2,t2-F2-fragile-five-brl-2013,fx,117,1.002475453560116,,1.2339355310636484,0.18432295153275013,0.1812468615332612,1.068606904275411
T2-F2,t2-F2-fragile-five-inr-2013,fx,142,1.0644893873604628,,1.229937889070226,0.36697904701260453,0.3415528273116219,1.1117603878489666
T2-F2,t2-F2-higher-for-longer-2023,rates,347,0.9848948096556798,,1.1213010973722175,0.20059616756302617,0.20238851102599212,1.0238680347175477
T2-F2,t2-F2-nirp-paradox-2016,fx,233,0.9905987037083602,,1.3579476620308124,2.312795946522745,2.28503326122666,1.0955555489433466
T2-F2,t2-F2-opec-cad-2014,fx,216,0.9081878482555671,,1.0088628472535481,0.013543208794065066,0.014834399058494261,0.9369521336835618
T2-F2,t2-F2-powell-pivot-2019,rates,273,1.4274220447048585,,1.8963558643270797,0.14847124600775405,0.10240523083924175,1.5614031360254934
T2-F2,t2-F2-qe2-jackson-hole-2010,rates,151,0.9022221652083393,,0.9341441468388778,0.25222150603829047,0.2791454991616495,0.9113427313884932
T2-F2,t2-F2-shunto-nirp-exit-2024,fx,355,0.9858782219570733,,0.8878316540000718,2.2197530087429302,2.265544071939788,0.9578649168265017
T2-F2,t2-F2-some-pain-2022,rates,331,0.9855625114848766,,1.1017327238600432,0.18336938019202567,0.18501807064827286,1.0187540007349243
T2-F2,t2-F2-taper-begins-2013,rates,197,0.8248010151474576,,0.852562588181763,0.3086968846043475,0.3737641915214273,0.8327328931572593
T2-F2,t2-F2-taper-testimony-2013,rates,192,0.8718970396061422,,0.9140039256218073,0.19565871199590745,0.22392451343669126,0.8839275784677609
T2-F2,t2-F2-time-has-come-2024,rates,361,0.9668503703410442,,0.9828067709535174,0.23768263329990377,0.2455609490975247,0.9714093419446079
T2-F2,t2-F2-trade-war-escalation-2019,rates,285,0.8520797217215968,,0.9144249950740903,0.1306696534602178,0.15283926739675122,0.8698926569651664
T2-F2,t2-F2-trichet-alertness-2008,fx,119,1.2498486288982231,,1.5142140139188567,0.02439322405323456,0.019330263966748577,1.3253815960469757
T2-F2,t2-F2-whatever-it-takes-2012,fx,180,0.8133111632625897,,0.9589385208739389,0.03269024492119666,0.03993342259511822,0.8549189797229751
T2-F3,t2-F3-bear-flattener-2022,rates,324,0.9207148959641916,0.9269057019024038,0.8734565461102263,0.9550247285380161,1.0319047706415991,0.9131204677748622
T2-F3,t2-F3-boj-ust-channel-2023,fx + rates,344,0.9531797938524925,1.0115818240974772,0.8453153400143887,1.1990843253681538,1.230154452050563,0.9491275121583671
T2-F3,t2-F3-brexit-joint-2016,fx,239,0.9548032584929687,0.9640957108788583,1.0397606645042494,1.1398310041997355,1.1838893605291858,0.9745824754109916
T2-F3,t2-F3-conundrum-joint-2005,rates,64,0.7475749230265633,0.9784104185975441,0.85098473458609,0.9493272370665509,1.021404741105609,0.8375075340097629
T2-F3,t2-F3-covid-curve-2020,rates,293,0.9362124784641871,0.9135908238722359,0.9196247367426308,0.3857199269371418,0.42043420069502596,0.9261084337422905
T2-F3,t2-F3-cpi-shock-cross-2022,equity_factor,333,1.0055265548199284,1.0069960684838495,0.9652817197044612,0.05428334130278981,0.05397502158408273,0.9979184418960112
T2-F3,t2-F3-divergence-2014,fx + rates,208,0.9124312780892707,0.8894206443770095,1.0522442940798802,1.807176210506038,2.007289573706122,0.9334906911737142
T2-F3,t2-F3-dollar-squeeze-2020,fx,295,0.8845804026640169,0.8389903623942537,0.9635794503521932,1.8657010136378496,2.214128021841336,0.8867032001207232
T2-F3,t2-F3-dollar-vortex-2022,fx + rates,330,0.9470260456512017,0.9577146645546132,0.8783433266320136,1.1469101311273813,1.2024127142409198,0.9364960875183876
T2-F3,t2-F3-dots-vs-oil-2014,rates,212,0.8250901883394455,0.7393882437183051,0.9932230958771144,0.37551037372404966,0.48952690081313643,0.8330061864606372
T2-F3,t2-F3-election-2024-joint,fx + rates,363,0.9603195229348563,0.9626497670650908,0.8243123010686284,1.3382697503249679,1.3944231242925162,0.933817151800681
T2-F3,t2-F3-fragile-five-joint-2013,fx,114,1.0161694158419805,1.1660932390227603,1.1707228138804613,0.36630812275264885,0.33982514522258905,1.0920572424039106
T2-F3,t2-F3-funding-flip-2024,fx,360,0.9942346724770499,1.0055346364537208,0.8745128379589014,0.9877347533718743,0.9879334159447516,0.9736802947664216
T2-F3,t2-F3-hiking-year-curve-2018,rates,264,0.9051073350845122,0.8258853528617003,1.093540378919445,0.5705784763114693,0.6788928525522379,0.9190273491846552
T2-F3,t2-F3-inversion-persistence-2019,rates,281,0.9147357150671535,0.9437521825568341,0.8189370508631789,0.21270005104571432,0.22943596721532997,0.9042809224732626
T2-F3,t2-F3-oil-fx-split-2022,fx,324,0.8850007799285778,0.8814688466457905,0.9610929045337705,0.28120305305866045,0.31850285393777705,0.8991596248647802
T2-F3,t2-F3-rates-into-factors-2022,equity_factor,319,0.8414784623420255,0.9203435284624764,0.9101979226092586,0.08248881416837205,0.09211628587280761,0.8788818742316075
T2-F3,t2-F3-safe-haven-paradox-2011,fx + rates,164,0.953500097561608,0.8927677297015391,1.084139075659273,1.1998446142954284,1.3069003174805485,0.9614081828231203
T2-F3,t2-F3-scandies-stress-2022,fx,333,0.9047737551814489,0.8977526335367707,0.9487818903627351,0.2739679503880446,0.3043204986908903,0.9114690457243025
T2-F3,t2-F3-taper-steepener-2013,rates,188,0.8074113558351831,0.7805930618129788,0.9495924558902865,0.6600623980164622,0.8381663992446349,0.8278020876395424
T2-F3,t2-F3-term-premium-steepener-2023,rates,347,0.9676330010714643,0.923723758232031,0.9298002771942663,0.6887617860316341,0.7408074472163311,0.9468936834441947
T2-F3,t2-F3-vaccine-rotation-2020,equity_factor,305,0.9567297934394289,0.9982872414220629,0.9422385870645754,0.09373843645678474,0.09450723603394491,0.9662987865592484
T2-F4,t2-F4-aud-gfc-2008,fx,125,1.0148844736854783,,0.875887514716523,0.012287434027227826,0.012201075921217485,0.9751710568372054
T2-F4,t2-F4-chf-floor-strain-2015,fx,219,0.964412856427362,,0.9560686254767184,0.011423715290471375,0.01185095748107602,0.9620287904414638
T2-F4,t2-F4-china-panic-2016,equity_factor,235,1.0234124330663426,,1.0715938128058347,0.0161724572815117,0.015765250359849124,1.0371785415633403
T2-F4,t2-F4-china-stress-mkt-2015,equity_factor,228,1.0390383796925646,,1.0287025217231698,0.016035315889609107,0.015441118590010827,1.0360852774155946
T2-F4,t2-F4-covid-mkt-2020,equity_factor,297,1.0164173690966634,,0.9628196690740065,0.014846900405052264,0.01464677928632956,1.0011037405187615
T2-F4,t2-F4-covid-nfp-2020,payrolls,9,1.8154772052831516,,1.1440160085576436,177.60259579900872,99.49770846656372,1.6236311490758637
T2-F4,t2-F4-covid-rates-2020,rates,295,0.9595063744169332,,1.0265923439773288,0.07769028239212003,0.08070151955989271,0.9786737942913319
T2-F4,t2-F4-cpi-friday-2022,rates,330,1.0023709374296346,,0.908168815079606,0.07664002408892831,0.07693832134390968,0.9754560453296266
T2-F4,t2-F4-cpi-vintage-2022,cpi,10,1.2535615567202658,,0.9995113458193995,1.0034293704192425,0.814606246444224,1.1809757821771614
T2-F4,t2-F4-eur-warnings-2022,fx,326,0.922501406995228,,1.0220347569096764,0.008940789894700193,0.009644019464821815,0.9509395069707847
T2-F4,t2-F4-factor-stress-2008,equity_factor,124,1.0069946709242896,1.0043389437196824,1.0476796741120589,0.011330241308340585,0.011246667601609748,1.0143349534004613
T2-F4,t2-F4-funding-stress-10y-2008,rates,124,0.9683401930191142,,1.0536851643067295,0.10032504681903114,0.1032377868003987,0.9927244705298615
T2-F4,t2-F4-funding-stress-2y-2008,rates,121,0.876492026964952,,0.6372256945066717,0.28398653604296437,0.32930001357270083,0.8081302176911577
T2-F4,t2-F4-gbp-brexit-2016,fx,241,0.9458156367607056,,0.9143247305489803,0.013683958740721796,0.014491110628230792,0.9368182349859271
T2-F4,t2-F4-gbp-conference-2016,fx,246,0.9671502508167568,,0.9840956577281066,0.014382458707288638,0.014857890897899394,0.9719917956485711
T2-F4,t2-F4-hike-cycle-2021Q4b,rates,317,0.8659826355621242,,0.7360840227972691,0.23652023912745854,0.27550517805343727,0.8288687462007371
T2-F4,t2-F4-hml-covid-2020,equity_factor,297,0.9928035729829914,,1.0228992120622302,0.010580501675012203,0.010641641571337297,1.0014023270056311
T2-F4,t2-F4-jpy-carry-2007,fx,107,1.0030428542338574,,0.9734611050958935,1.1551534609158036,1.1532473769948979,0.9945909259087249
T2-F4,t2-F4-jpy-crowding-2024,fx,363,1.0032149556110495,,0.9574686237071375,1.2102219899896587,1.2093916319058478,0.9901445750670748
T2-F4,t2-F4-mkt-selloff-2011,equity_factor,168,0.9810252288506819,,0.990953947699828,0.02827819771737895,0.028808737557614168,0.9838620056647237
T2-F4,t2-F4-momentum-reversal-2009,equity_factor,129,0.9622248594744204,,0.9552081098044845,0.03482188589460507,0.036204992557694445,0.9602200738544386
T2-F4,t2-F4-nok-covid-2020,fx,297,0.9910782608045458,,0.9928374383153725,0.09980887724238348,0.10069826873806156,0.9915808829504963
T2-F4,t2-F4-powell-december-2018,equity_factor,279,1.0432182529957854,,1.0448618524701956,0.013926572069824747,0.013348565999896232,1.043687852845617
T2-F4,t2-F4-qe1-expansion-2009,rates,127,0.969938294737223,,0.928126619151219,0.19865334901234494,0.20519850873904366,0.9579921017126505
T2-F4,t2-F4-quant-crowding-2007,equity_factor,108,0.9931488833864299,1.0071368147161393,0.9353747749084947,0.006757663772680498,0.006764838809758727,0.9857904410897558
T2-F4,t2-F4-short-vol-2018,equity_factor,266,1.0818930958566513,,1.1014656335097175,0.014006441967624485,0.012934768587191416,1.0874852494718132
T2-F4,t2-F4-svb-whiplash-2023,rates,341,1.0492386814422423,,0.9799911591945821,0.0861241312572982,0.08240373946296371,1.0294536750857681
T2-F4,t2-F4-taper-warning-2013,rates,191,0.8878685816737618,,1.0185658790638221,0.20222938943377103,0.22630236477224358,0.9252106666423505
T2-F4,t2-F4-ust-downgrade-watch-2011,rates,167,0.9452188653669983,,0.9473957735703148,0.1399330940458135,0.14802552583907214,0.9458408391393744
T2-F4,t2-F4-ust10y-supply-2023,rates,350,0.9853149303417492,,1.0229293714769332,0.09934370353143944,0.10064581304085979,0.9960619135232304
T2-F4,t2-F4-vaccine-timeline-2020,equity_factor,308,0.9597354057899382,,0.8778537286330944,0.017293710520507842,0.018101634887337577,0.9363406408879829
