family,unit,assets,window,halflife,nu,widen,best: train,best: validation,best: test,global: train,global: validation,global: test
T2-F1,t2-F1-ai-mom-2024,1,130,off,normal,1.1,0.052064257868560976,0.035595550100662746,0.04552062993188712,0.05252345631142713,0.03714229573905073,0.043333915855833384
T2-F1,t2-F1-aud-on-hold-2016,1,520,off,4,0.9,0.031072450646819703,0.025054060656563192,0.02959850937755793,0.029924199964459077,0.02611742973054063,0.03217371176746993
T2-F1,t2-F1-cad-boc-2017,1,42,off,4,0.9,0.03621632846939205,0.01439410772229182,0.035532240242142674,0.035635960012408784,0.014758736915290706,0.035134737994469166
T2-F1,t2-F1-chf-highly-valued-2021,1,any,252,4,0.9,0.03556178729065583,0.016914003701624967,0.013346244568279243,0.036360788507468995,0.01799242196413874,0.012503103915840828
T2-F1,t2-F1-conflicting-texts-2024,1,260,off,normal,0.9,0.23991020851478964,0.16840245072130144,0.3438253188858765,0.24162801191605973,0.17483061833901073,0.34637694829617577
T2-F1,t2-F1-considerable-period-2003,1,any,21,5,0.9,0.292498577119144,,0.2819823719350757,0.292498577119144,,0.2819823719350757
T2-F1,t2-F1-conundrum-2005,1,any,21,5,0.9,0.23091143031958983,0.18665160374491277,0.1601006912645573,0.23091143031958983,0.18665160374491277,0.1601006912645573
T2-F1,t2-F1-cpi-glidepath-2023,1,130,off,normal,1.3,1.620891534277333,1.0685484014025062,3.9306380671801975,1.7813156424811034,1.2583133723150317,4.186151852741063
T2-F1,t2-F1-dkk-peg-2019,1,42,off,normal,0.9,0.22195212379327262,0.11982826871834303,0.15342378333941586,0.2232854282184034,0.1206622698080288,0.15297725803201656
T2-F1,t2-F1-eur-range-2017,1,any,21,normal,0.9,0.03880308472569169,0.030164923727677748,0.03775669377094652,0.03945298730940816,0.030393698476310255,0.037792030456849084
T2-F1,t2-F1-fed-put-2019,1,520,off,normal,0.9,0.06052510403254748,0.04340410620192841,0.03422584943174431,0.06008818334843139,0.04578488410749612,0.036733741181464614
T2-F1,t2-F1-greater-confidence-2024,1,520,off,8,1.2,0.32666793394957344,0.13648574093092522,0.5198108596676435,0.3141766915242092,0.15095756580593866,0.5414942369899449
T2-F1,t2-F1-hawkish-cut-2024,1,520,off,8,1.3,0.31929597913069524,0.1510930268693392,0.4818527414471614,0.30385294778520616,0.17112789975555137,0.49807678316510273
T2-F1,t2-F1-jpy-ycc-flex-2018,1,any,252,5,1.1,2.7759399428503335,3.068722444454228,3.539570541296778,2.840889910557048,3.305718155759041,3.760606877124948
T2-F1,t2-F1-liftoff-telegraph-2015,1,42,off,4,0.9,0.4225647221848477,0.12142435677854022,0.04538547862305729,0.416359011304294,0.1230230519344938,0.04597557646865216
T2-F1,t2-F1-measured-pace-2004,1,any,21,5,0.9,0.6866786929197708,,0.18007955970230785,0.6866786929197708,,0.18007955970230785
T2-F1,t2-F1-normalization-2017,1,520,off,normal,0.9,0.26155396239382206,0.29758102586437035,0.18580257566528335,0.26171800111440785,0.3151127356097484,0.19128395252422814
T2-F1,t2-F1-patient-dropped-2015,1,42,off,4,0.9,0.4396954839040366,0.14279318800725785,0.04236516896963405,0.4336585345857837,0.1457134183405664,0.04338176030817076
T2-F1,t2-F1-pause-2006,2,42,off,4,1.2,0.6797154742934955,0.35088302456996295,0.7205266996829022,0.7319692533884816,0.36565680594318223,0.7230989842195199
T2-F1,t2-F1-qe3-end-2014,1,any,252,normal,0.9,0.215054865245469,0.2675836289016185,0.21931022324661092,0.21495602335894254,0.2851255386139101,0.22316373597488431
T2-F1,t2-F1-sahm-watch-2024,1,any,21,normal,0.9,0.3130823706805594,0.12504854257300285,1.1794808981611165,0.315316029351865,0.1263200238209114,1.1235581610240184
T2-F1,t2-F1-third-cut-2019,1,42,off,4,0.9,0.3771138354629538,0.04304077051365813,0.2235713719594253,0.3731431861144509,0.044492381698545774,0.21966248101165625
T2-F1,t2-F1-ust-positioning-2018,1,520,off,5,0.9,0.23020188461709634,0.2588833154229569,0.17035779845470242,0.22781632937674318,0.2690930903360697,0.17411626738052333
T2-F2,t2-F2-abenomics-2012,1,any,21,5,1.1,2.0907390881733248,2.9711159442554442,1.3877960064135213,2.089383321324138,3.1292370146173134,1.389461776254224
T2-F2,t2-F2-act-as-appropriate-2019,1,any,21,4,0.9,0.2420842769056096,0.034871434210542625,0.12751418946531107,0.24808261447265967,0.03883456727290209,0.12351113423150792
T2-F2,t2-F2-aud-taper-2013,1,260,off,4,1.3,0.015005708804685752,0.041014184114481864,0.021418817751500945,0.015135552185340248,0.04322727859438866,0.020260108230251015
T2-F2,t2-F2-boj-thin-signal-2014,1,any,21,5,0.9,2.2023283533792855,1.9226858782715963,2.1479463099240967,2.202691783950271,2.0047359663515354,2.0860531744475734
T2-F2,t2-F2-cnh-stress-2015,1,520,off,4,0.9,0.004763623260888773,0.0008833656105424894,0.0021354938798292793,0.004763623260888773,0.0008833656105424894,0.0021354938798292793
T2-F2,t2-F2-cnh-tradewar-2018,1,any,252,4,0.9,0.002572616553316836,0.027202408011063706,0.08660994936208719,0.002546301172541962,0.027229701897778617,0.08555757547868487
T2-F2,t2-F2-considerable-removal-2004,1,130,off,normal,1.3,0.29848257819209506,0.3072389947198429,0.16232904023970113,0.32133773944636346,0.3349148725053696,0.14288609593304757
T2-F2,t2-F2-credit-crunch-2007,1,130,off,normal,1.1,0.25698227326210243,0.18421218114452906,0.12317880987294622,0.2657996115479082,0.19133337309529191,0.12116566573416898
T2-F2,t2-F2-cut-sizing-2024,2,520,off,normal,1.0,0.1545611016659758,0.09251686514338352,0.20114977039058282,0.15499043812801028,0.0943798940513925,0.20473587868474288
T2-F2,t2-F2-draghi-precommit-2014,1,any,252,8,1.3,0.02466193400155826,0.04390251618965354,0.022548562355691523,0.025345580623907567,0.04570821027806706,0.020065356213449726
T2-F2,t2-F2-ecb-qe-telegraph-2014,1,520,off,normal,0.9,0.025228596692231497,0.03228713203541194,0.02034392418737538,0.02564044541914085,0.032980752278396176,0.020160419572265328
T2-F2,t2-F2-eur-parity-2022,1,any,252,5,1.0,0.02853736340783706,0.023371380039432763,0.015730657857645176,0.029059929266666583,0.023713242222828317,0.015855743838919467
T2-F2,t2-F2-fragile-five-brl-2013,1,520,off,4,0.9,0.05111241674787105,0.061828019928529085,0.2249236163868979,0.05111241674787105,0.061828019928529085,0.2249236163868979
T2-F2,t2-F2-fragile-five-inr-2013,1,any,252,5,0.9,0.46006469236421443,0.3455446411957579,0.23559720720177302,0.45692768684560753,0.3621584650165767,0.2354839086011599
T2-F2,t2-F2-higher-for-longer-2023,1,520,off,4,0.9,0.2014693195909479,0.12084483052026072,0.23326793426179815,0.2014693195909479,0.12084483052026072,0.23326793426179815
T2-F2,t2-F2-nirp-paradox-2016,1,130,off,5,0.9,2.374075571398156,1.4410951347372962,2.736056248411068,2.400314967453777,1.4742686009398538,2.608114858821964
T2-F2,t2-F2-opec-cad-2014,1,130,off,4,0.9,0.021550300799780684,0.01860637864960577,0.012745563032833467,0.02144555594312664,0.020175333659825278,0.012788131510108651
T2-F2,t2-F2-powell-pivot-2019,1,42,off,4,0.9,0.3992212082116478,0.05603979799711296,0.1937919797788784,0.40512519878904013,0.06364723123484503,0.17992420655267113
T2-F2,t2-F2-qe2-jackson-hole-2010,1,any,21,normal,1.2,0.19352662179189495,0.1649331028888909,0.25678797466704395,0.1875911572013403,0.17834947388274375,0.2596880258580789
T2-F2,t2-F2-shunto-nirp-exit-2024,1,any,252,4,1.2,2.2490892619859553,2.466703344381363,2.575007297467066,2.2700892981391623,2.5126714568462987,2.6587332329262123
T2-F2,t2-F2-some-pain-2022,1,520,off,4,0.9,0.19989767057976054,0.11843009202783403,0.20946917338663792,0.19989767057976054,0.11843009202783403,0.20946917338663792
T2-F2,t2-F2-taper-begins-2013,1,any,252,8,1.1,0.23712889832570316,0.3497811280382783,0.29654233377857375,0.23546594013478606,0.35745831279071166,0.2997328145880895
T2-F2,t2-F2-taper-testimony-2013,1,any,21,5,0.9,0.1850087138561976,0.22890475372544092,0.1998297857663915,0.18273392245139744,0.23829026327981379,0.1931203537117897
T2-F2,t2-F2-time-has-come-2024,1,520,off,normal,1.1,0.2000113072424811,0.10573679270782808,0.2820323357439183,0.19999776878643272,0.10957228707736391,0.2867341138422821
T2-F2,t2-F2-trade-war-escalation-2019,1,520,off,4,0.9,0.20648797924135626,0.12811475748171072,0.14071915230402363,0.20648797924135626,0.12811475748171072,0.14071915230402363
T2-F2,t2-F2-trichet-alertness-2008,1,260,off,normal,0.9,0.02573916421131858,0.021388512199439266,0.025568444512476623,0.02626251548649455,0.021532608188846603,0.025458157663366267
T2-F2,t2-F2-whatever-it-takes-2012,1,any,252,8,1.3,0.023762950992343143,0.04089722305408142,0.03367928841431704,0.02413306051859852,0.04384158285971034,0.03382891920583989
T2-F3,t2-F3-bear-flattener-2022,4,260,off,4,0.9,1.1818928038211136,0.48298651934577375,1.219303410178469,1.167840486816428,0.48453734532780157,1.1783734966258677
T2-F3,t2-F3-boj-ust-channel-2023,2,130,252,4,1.1,1.1454988877535792,1.207733369225787,1.2611930676158667,1.1491799114425034,1.2165346665956565,1.2541068246930003
T2-F3,t2-F3-brexit-joint-2016,4,520,63,4,0.9,1.1215215595827988,0.6025168480259703,1.1793609043312232,1.1059983533683928,0.6183248840955237,1.1363871536537988
T2-F3,t2-F3-conundrum-joint-2005,4,42,252,8,1.0,1.395711151299112,0.8656643803896288,1.0220105272208824,1.4319063008175583,0.8754450671759139,1.0219252838125847
T2-F3,t2-F3-covid-curve-2020,4,42,63,4,0.9,0.7488652515462038,0.2740985003882189,0.44241047072334233,0.74032202925591,0.2774513766721005,0.43571556780834414
T2-F3,t2-F3-cpi-shock-cross-2022,2,520,off,8,1.0,0.05524001771187408,0.030278079813506456,0.06412242899464166,0.052474334561202346,0.030774797811586343,0.06450628961750084
T2-F3,t2-F3-divergence-2014,3,130,21,4,0.9,1.6558853340864403,1.7689035228025771,1.9827719398891313,1.6192413790392899,1.8050068520348463,1.9208570459045933
T2-F3,t2-F3-dollar-squeeze-2020,10,130,252,8,0.9,2.1366216926996593,2.207964491782364,1.6298148857808084,2.13085867737343,2.2421860204101276,1.6173777962096179
T2-F3,t2-F3-dollar-vortex-2022,4,520,off,8,1.0,1.2350761315791425,1.2258788307594386,1.0285225424590572,1.2262046889474405,1.2376540379634007,1.033372052259051
T2-F3,t2-F3-dots-vs-oil-2014,3,42,off,4,0.9,0.824280161448981,0.4873097053829429,0.27352169228981715,0.8119802456347839,0.4959134172030543,0.2799497525177202
T2-F3,t2-F3-election-2024-joint,4,130,126,8,1.0,1.2550459477229883,1.097553587115784,1.6865345992695986,1.2556945879957282,1.100536193073077,1.7145998244056775
T2-F3,t2-F3-fragile-five-joint-2013,2,42,252,5,1.1,0.5790233344306392,0.34538360721638645,0.30332450172631276,0.5817923642748988,0.3791444093608432,0.3048414667569252
T2-F3,t2-F3-funding-flip-2024,4,520,126,8,1.0,1.010420985514468,1.0656312558073837,1.1833459279230532,1.0096467910901894,1.0699702246019815,1.1978785413310837
T2-F3,t2-F3-hiking-year-curve-2018,4,130,off,5,0.9,1.2854045477174418,0.5830049646054227,0.6073506460034251,1.280575282716942,0.5917020392849197,0.5961487886774177
T2-F3,t2-F3-inversion-persistence-2019,2,130,off,4,0.9,0.45021272926865474,0.1678137829314202,0.2647697776567008,0.44585251271561444,0.17767542949819237,0.25549769943050543
T2-F3,t2-F3-oil-fx-split-2022,4,260,252,8,0.9,0.26714090082699066,0.25454983181312824,0.2690823890501794,0.2668490014211651,0.2602780420382357,0.2713907264321855
T2-F3,t2-F3-rates-into-factors-2022,2,130,off,5,1.3,0.08674495124696761,0.04976963559720953,0.09802461244484544,0.09192426701975483,0.05641338330758231,0.09556458084100239
T2-F3,t2-F3-safe-haven-paradox-2011,3,260,off,normal,1.3,1.1262308060648818,1.2503272244430377,1.1277939526216203,1.0421883571431532,1.3874724645876797,0.8154080368250087
T2-F3,t2-F3-scandies-stress-2022,3,260,252,normal,0.9,0.23789200924108425,0.24539055867159273,0.27898725767784205,0.23768399132196796,0.2522203711431628,0.2817587183391166
T2-F3,t2-F3-taper-steepener-2013,4,42,21,4,1.1,1.1074184896396757,1.3350667045176827,0.6272074756314522,1.123497664515309,1.3771312967187184,0.6313379689957331
T2-F3,t2-F3-term-premium-steepener-2023,4,520,off,5,0.9,0.6800810884184069,0.32745655221114195,0.9005312874897269,0.6730455706711321,0.32906208582258667,0.8646834333300667
T2-F3,t2-F3-vaccine-rotation-2020,3,130,off,normal,1.0,0.10493604940760676,0.06362554305216457,0.10493271990149763,0.11246239892479447,0.06761892916258712,0.10798307233272261
T2-F4,t2-F4-aud-gfc-2008,1,any,252,5,0.9,0.009393264173090764,0.0074443462518366185,0.015317763660459713,0.009226949969571548,0.0075011207750250155,0.014984743426721984
T2-F4,t2-F4-chf-floor-strain-2015,1,any,252,5,1.1,0.0170219035586313,0.016668368356511663,0.008798204249971598,0.016991843580324108,0.016963216576682438,0.008390709149867472
T2-F4,t2-F4-china-panic-2016,1,any,252,4,0.9,0.022175895257243436,0.019681289898876544,0.013473724158531592,0.021843770222524157,0.019948505279150576,0.01342990342254535
T2-F4,t2-F4-china-stress-mkt-2015,1,any,21,normal,0.9,0.021758675548090477,0.02156866599480497,0.01270196322530999,0.021736155537529445,0.021926178635916577,0.012784943403563225
T2-F4,t2-F4-covid-mkt-2020,1,any,21,8,0.9,0.022088370580655388,0.013862780416286238,0.014663944171535654,0.02208626425571954,0.01398155293450348,0.01463453685710098
T2-F4,t2-F4-covid-nfp-2020,1,130,off,normal,1.3,184.3025040018818,211.68728090979175,173.6722672377817,191.7556993299922,230.22464673884974,187.2690951607742
T2-F4,t2-F4-covid-rates-2020,1,520,off,8,0.9,0.1230938258707189,0.08318021458715504,0.0765879719678603,0.12228016575229211,0.08392243320221085,0.07680305213613034
T2-F4,t2-F4-cpi-friday-2022,1,260,off,8,0.9,0.10415631252647584,0.046637492025148386,0.08857864158819466,0.1033169143078705,0.046764999259073334,0.08567232500694943
T2-F4,t2-F4-cpi-vintage-2022,1,260,off,normal,1.2,0.7961491905348134,0.46551128492701804,0.8811459229992145,0.8447467399581102,0.4722823535804521,0.9543880852091661
T2-F4,t2-F4-eur-warnings-2022,1,any,252,5,0.9,0.016591162744619827,0.01134909123504184,0.008098509190965462,0.01635188619790546,0.011465173700901115,0.008034911635537276
T2-F4,t2-F4-factor-stress-2008,2,520,off,8,0.9,0.019935518347262426,0.007052508093184057,0.013545234149556221,0.019818574377049945,0.007180566737015985,0.012595764522128666
T2-F4,t2-F4-funding-stress-10y-2008,1,260,off,normal,0.9,0.12506721543322502,0.0786263391632989,0.11304487317031517,0.12596934971817497,0.0788428177676658,0.11174803736146163
T2-F4,t2-F4-funding-stress-2y-2008,1,any,21,normal,1.2,0.26203173300047894,0.14652394961269555,0.33873031663800635,0.25897245423425397,0.1486565940642877,0.3682373680486216
T2-F4,t2-F4-gbp-brexit-2016,1,any,63,normal,0.9,0.0198599929716314,0.01570216634495148,0.01370108616265069,0.0198599929716314,0.01570216634495148,0.01370108616265069
T2-F4,t2-F4-gbp-conference-2016,1,260,off,normal,0.9,0.019846123728785203,0.015872928389628855,0.015065928179257086,0.01982088296008135,0.015878565496137934,0.015089886546392674
T2-F4,t2-F4-hike-cycle-2021Q4b,1,260,off,4,0.9,0.3575833581822986,0.0752730762200113,0.3116512540059914,0.35005200552964194,0.07819487706340342,0.30466389899896196
T2-F4,t2-F4-hml-covid-2020,1,42,off,8,1.0,0.014042016329549824,0.007366135554504892,0.011589821841739631,0.01405622772540558,0.007393191072167902,0.011481940163424959
T2-F4,t2-F4-jpy-carry-2007,1,520,off,normal,0.9,1.3878437712613674,1.1625632286986698,1.0319460467320134,1.39367445165542,1.1702292219895674,1.0376210756451976
T2-F4,t2-F4-jpy-crowding-2024,1,260,off,normal,1.0,1.2332177891328475,1.2341207799361524,1.3876733039291382,1.2272316389445976,1.235498855275563,1.3698229850493076
T2-F4,t2-F4-mkt-selloff-2011,1,260,off,4,1.3,0.019824714261797674,0.025388477963234447,0.02375286036977679,0.019290416432086416,0.025718008966433274,0.021503237768292955
T2-F4,t2-F4-momentum-reversal-2009,1,42,off,normal,1.0,0.03995546553043154,0.01596466759193288,0.042465984953657686,0.03916626880504507,0.016100823534378972,0.04398779276231327
T2-F4,t2-F4-nok-covid-2020,1,42,off,8,1.0,0.09990850921056978,0.086518080354561,0.08827763048238377,0.09974653720091953,0.08724353399673661,0.08767681459766512
T2-F4,t2-F4-powell-december-2018,1,any,126,5,0.9,0.021822271600304765,0.01644791091797538,0.013639078211130409,0.021712217159280244,0.016523201834102174,0.013687326518785249
T2-F4,t2-F4-qe1-expansion-2009,1,260,off,8,0.9,0.19902098291504844,0.12986727703807519,0.2636035178674146,0.20037533819220749,0.13028543248487473,0.2578756873371953
T2-F4,t2-F4-quant-crowding-2007,3,42,126,8,0.9,0.015009119839236492,0.005817990637263698,0.007203334112541907,0.014839237965842494,0.005862255754462162,0.007192967026290174
T2-F4,t2-F4-short-vol-2018,1,42,off,normal,0.9,0.022142772843644867,0.016753168041435368,0.013565211851450331,0.02202692160173545,0.016877777799520308,0.013532611256825837
T2-F4,t2-F4-svb-whiplash-2023,1,520,off,normal,1.0,0.10468491075774773,0.05055216211117214,0.104389139521459,0.10112685224744214,0.05086029442829687,0.10002002020550232
T2-F4,t2-F4-taper-warning-2013,1,42,off,5,0.9,0.1841459854163026,0.219404804900821,0.20560770166453413,0.17907279358368872,0.2252424716270394,0.19932511664213168
T2-F4,t2-F4-ust-downgrade-watch-2011,1,42,off,normal,1.1,0.11597429586708041,0.13785102335771682,0.12239874062338872,0.1153180125832268,0.14271295811255888,0.12101878095816589
T2-F4,t2-F4-ust10y-supply-2023,1,520,off,8,0.9,0.11762836053688078,0.07533088733894396,0.11597535022909196,0.11702210723233983,0.07582276019657748,0.11432879294251673
T2-F4,t2-F4-vaccine-timeline-2020,1,any,21,8,1.0,0.02333800225945505,0.012465610081347247,0.017089904660803696,0.023780746623996776,0.012549942029139907,0.01727965839884348
