family,choice,setting,train mean,validation mean,test mean,train median,validation median,test median,test ÷ global,better than global on test
T2-F1,best per unit,per unit,0.4307813928126283,0.31773793055160343,0.5466984485567088,0.26155396239382206,0.13648574093092522,0.18007955970230785,0.9881725901730756,14/23
T2-F1,global per family,window 130 / widen 0.9 / nu 5 / halflife 21,0.4410504033430046,0.34357085708370333,0.5673808147536857,0.26171800111440785,0.1457134183405664,0.18007955970230785,1.0,0/23
T2-F1,production now,window 42 / widen 1.2 / nu 5 / EWMA off,0.4275882708551809,0.3393037655495061,0.568604778628669,0.2654322594487439,0.15007370700611114,0.18713936256794134,1.026760207585825,11/23
T2-F2,best per unit,per unit,0.45829976265327915,0.4203759553066427,0.4435081432153329,0.19989767057976054,0.10573679270782808,0.1937919797788784,1.0169887704756098,9/27
T2-F2,global per family,window 520 / widen 0.9 / nu 4 / EWMA off,0.46125301476694575,0.4362356131300271,0.4382901860044291,0.19989767057976054,0.10957228707736391,0.17992420655267113,1.0,0/27
T2-F2,production now,window 130 / widen 1.1 / nu 4 / EWMA off,0.4551009762000986,0.42879530103508195,0.4367394286651021,0.19051364907169033,0.11052282142729522,0.1843686292018914,0.9878972407455002,13/27
T2-F3,best per unit,per unit,0.8950520377740324,0.7244957952681165,0.7979507734945224,1.0589197375770718,0.5351573349941828,0.7638693815605895,1.0208971288036517,10/22
T2-F3,global per family,window 260 / widen 1.0 / nu 4 / halflife 126,0.8889645089576177,0.7424115151767989,0.7763483691272511,1.0259175741166713,0.543807728243987,0.7233730029103709,1.0,0/22
T2-F3,production now,window 130 / widen 1.2 / nu 4 / EWMA off,0.883136725461457,0.7555277666112725,0.7762125439936173,1.0357925801604657,0.5576831431763221,0.7317675335215142,1.0020358178661717,12/22
T2-F4,best per unit,per unit,6.123800500390391,6.964795084381677,5.7756951678177435,0.03995546553043154,0.025388477963234447,0.042465984953657686,1.005555716565013,10/31
T2-F4,global per family,window 42 / widen 0.9 / normal / halflife 63,6.365071388629616,7.563960599657052,6.2161486845140175,0.03916626880504507,0.025718008966433274,0.04398779276231327,1.0,0/31
T2-F4,production now,window 260 / widen 1.2 / nu 5 / halflife 63,6.184711266274327,7.407180430702336,6.058347829206983,0.03886043617612866,0.025697597512659858,0.0427017355532202,0.9947423770366587,19/31
all,best per unit,per unit,2.2505924851403867,2.4739624004613225,2.1470898194451244,0.215054865245469,0.12142435677854022,0.18580257566528335,1.0078749405286151,43/103
all,global per family,per family,2.3249749798075956,2.6713780344210547,2.278289971865907,0.21495602335894254,0.1230230519344938,0.18007955970230785,1.0,0/103
all,production now,per family,2.2648282893371654,2.6232381823931417,2.2306343024824575,0.21613940172511914,0.1271050716303532,0.18713936256794134,1.0015541355705648,55/103
