unit,family,target_type,assets,horizons,panels,freq,history_rows,step_rows,horizon_steps,train_origins,purged_origins,validation_origins,test_origins,first_origin,first_validation,first_test,asof
t2-F1-ai-mom-2024,T2-F1,log_return,1,[127],['factors_daily'],['daily'],6142,6142,[127],2731,254,1225,1805,2000-01-03,2011-05-13,2016-09-27,2024-05-31
t2-F1-aud-on-hold-2016,T2-F1,level,1,"[126, 189]",['g10_fx_daily'],['daily'],4232,4231,"[126, 189]",1659,378,793,1213,2000-01-03,2007-05-09,2011-04-04,2016-11-01
t2-F1-cad-boc-2017,T2-F1,level,1,"[126, 189]",['g10_fx_daily'],['daily'],4404,4403,"[126, 189]",1743,378,829,1265,2000-01-03,2007-09-06,2011-09-22,2017-07-12
t2-F1-chf-highly-valued-2021,T2-F1,level,1,"[126, 189]",['g10_fx_daily'],['daily'],5384,5383,"[126, 189]",2223,378,1035,1559,2000-01-03,2009-07-31,2014-06-18,2021-06-17
t2-F1-conflicting-texts-2024,T2-F1,level,1,"[126, 189]",['rates_daily'],['daily'],6116,6115,"[126, 189]",2582,378,1188,1779,2000-01-03,2011-01-31,2016-08-01,2024-06-12
t2-F1-considerable-period-2003,T2-F1,level,1,"[126, 189]",['rates_daily'],['daily'],903,902,"[126, 189]",28,378,93,215,2000-01-03,2000-11-10,2002-01-02,2003-08-12
t2-F1-conundrum-2005,T2-F1,level,1,"[126, 189]",['rates_daily'],['daily'],1283,1282,"[126, 189]",214,378,173,329,2000-01-03,2001-08-09,2003-01-27,2005-02-18
t2-F1-cpi-glidepath-2023,T2-F1,level,1,"[140, 160]",['macro_monthly'],['monthly'],281,280,"[8, 9]",117,18,55,82,2000-01-01,2010-07-01,2015-11-01,2023-07-12
t2-F1-dkk-peg-2019,T2-F1,level,1,[129],['g10_fx_daily'],['daily'],4809,4808,[129],2073,258,945,1404,2000-01-03,2008-09-30,2013-01-11,2019-03-01
t2-F1-eur-range-2017,T2-F1,level,1,"[126, 189]",['g10_fx_daily'],['daily'],4444,4443,"[126, 189]",1763,378,837,1277,2000-01-03,2007-10-04,2011-11-02,2017-09-07
t2-F1-fed-put-2019,T2-F1,log_return,1,[128],['factors_daily'],['daily'],4885,4885,[128],2112,256,961,1428,2000-01-03,2008-11-28,2013-04-01,2019-06-04
t2-F1-greater-confidence-2024,T2-F1,level,1,"[126, 189]",['rates_daily'],['daily'],6024,6023,"[126, 189]",2537,378,1169,1751,2000-01-03,2010-11-24,2016-04-29,2024-01-31
t2-F1-hawkish-cut-2024,T2-F1,level,1,"[126, 189]",['rates_daily'],['daily'],6245,6244,"[126, 189]",2646,378,1215,1817,2000-01-03,2011-05-03,2016-12-12,2024-12-18
t2-F1-jpy-ycc-flex-2018,T2-F1,level,1,"[126, 189]",['g10_fx_daily'],['daily'],4668,4667,"[126, 189]",1873,378,884,1344,2000-01-03,2008-03-13,2012-06-19,2018-07-31
t2-F1-liftoff-telegraph-2015,T2-F1,level,1,"[126, 189]",['rates_daily'],['daily'],3960,3959,"[126, 189]",1526,378,735,1132,2000-01-03,2006-11-10,2010-07-21,2015-10-28
t2-F1-measured-pace-2004,T2-F1,level,1,"[126, 189]",['rates_daily'],['daily'],1123,1122,"[126, 189]",135,378,140,281,2000-01-03,2001-04-18,2002-08-13,2004-06-30
t2-F1-normalization-2017,T2-F1,level,1,[127],['rates_daily'],['daily'],4366,4365,[127],1861,254,852,1272,2000-01-03,2007-12-13,2011-11-09,2017-06-14
t2-F1-patient-dropped-2015,T2-F1,level,1,[129],['rates_daily'],['daily'],3804,3803,[129],1581,258,733,1103,2000-01-03,2006-11-03,2010-04-15,2015-03-18
t2-F1-pause-2006,T2-F1,level,2,"[126, 189]",['rates_daily'],['daily'],1650,1649,"[126, 189]",394,378,250,439,2000-01-03,2002-05-03,2004-02-05,2006-08-08
t2-F1-qe3-end-2014,T2-F1,level,1,"[126, 189]",['rates_daily'],['daily'],3710,3709,"[126, 189]",1403,378,683,1057,2000-01-03,2006-05-17,2009-11-06,2014-10-29
t2-F1-sahm-watch-2024,T2-F1,level,1,"[145, 165]",['macro_monthly'],['monthly'],294,293,"[8, 9]",124,18,57,86,2000-01-01,2011-02-01,2016-08-01,2024-08-02
t2-F1-third-cut-2019,T2-F1,level,1,"[126, 189]",['rates_daily'],['daily'],4961,4960,"[126, 189]",2016,378,946,1432,2000-01-03,2008-10-24,2013-05-09,2019-10-30
t2-F1-ust-positioning-2018,T2-F1,level,1,"[126, 189]",['rates_daily'],['daily'],4691,4690,"[126, 189]",1884,378,889,1351,2000-01-03,2008-04-17,2012-08-03,2018-09-28
t2-F2-abenomics-2012,T2-F2,level,1,[63],['g10_fx_daily'],['daily'],3249,3248,[63],1453,126,651,956,2000-01-03,2006-01-13,2008-11-10,2012-11-30
t2-F2-act-as-appropriate-2019,T2-F2,level,1,[64],['rates_daily'],['daily'],4869,4868,[64],2245,128,990,1442,2000-01-03,2009-03-27,2013-06-12,2019-06-19
t2-F2-aud-taper-2013,T2-F2,level,1,[64],['g10_fx_daily'],['daily'],3370,3369,[64],1511,128,675,992,2000-01-03,2006-04-10,2009-03-16,2013-05-24
t2-F2-boj-thin-signal-2014,T2-F2,level,1,[63],['g10_fx_daily'],['daily'],3726,3725,[63],1687,126,751,1099,2000-01-03,2006-12-18,2010-03-12,2014-10-24
t2-F2-cnh-stress-2015,T2-F2,level,1,[64],['em_transfer_early'],['daily'],2516,2514,[64],1091,128,496,736,1995-07-31,2000-03-06,2002-05-28,2015-07-31
t2-F2-cnh-tradewar-2018,T2-F2,level,1,[64],['em_transfer_early'],['daily'],2521,2519,[64],1094,128,497,737,1998-06-15,2003-01-23,2005-04-14,2018-06-15
t2-F2-considerable-removal-2004,T2-F2,level,1,[63],['rates_daily'],['daily'],1019,1018,[63],361,126,182,287,2000-01-03,2001-09-10,2002-09-05,2004-01-30
t2-F2-credit-crunch-2007,T2-F2,level,1,[63],['rates_daily'],['daily'],1909,1908,[63],797,126,369,554,2000-01-03,2003-06-12,2005-03-07,2007-08-17
t2-F2-cut-sizing-2024,T2-F2,level,2,[63],['rates_daily'],['daily'],6175,6174,[63],2887,126,1265,1834,2000-01-03,2011-10-17,2017-02-08,2024-09-06
t2-F2-draghi-precommit-2014,T2-F2,level,1,[65],['g10_fx_daily'],['daily'],3624,3623,[65],1633,130,728,1068,2000-01-03,2006-10-03,2009-11-24,2014-05-30
t2-F2-ecb-qe-telegraph-2014,T2-F2,level,1,[63],['g10_fx_daily'],['daily'],3749,3748,[63],1698,126,756,1106,2000-01-03,2007-01-04,2010-04-05,2014-11-28
t2-F2-eur-parity-2022,T2-F2,level,1,[64],['g10_fx_daily'],['daily'],5643,5642,[64],2624,128,1153,1674,2000-01-03,2010-09-07,2015-07-16,2022-06-30
t2-F2-fragile-five-brl-2013,T2-F2,level,1,[64],['em_transfer_early'],['daily'],2110,2108,[64],892,128,411,614,1995-01-02,1998-10-22,2000-09-11,2013-05-24
t2-F2-fragile-five-inr-2013,T2-F2,level,1,[64],['em_transfer_early'],['daily'],2517,2515,[64],1092,128,496,736,1993-05-24,1997-12-29,2000-03-20,2013-05-24
t2-F2-higher-for-longer-2023,T2-F2,level,1,[63],['rates_daily'],['daily'],5934,5933,[63],2769,126,1214,1762,2000-01-03,2011-04-28,2016-06-06,2023-09-20
t2-F2-nirp-paradox-2016,T2-F2,level,1,[63],['g10_fx_daily'],['daily'],4045,4044,[63],1843,126,818,1195,2000-01-03,2007-08-01,2011-02-01,2016-02-05
t2-F2-opec-cad-2014,T2-F2,level,1,[63],['g10_fx_daily'],['daily'],3749,3748,[63],1698,126,756,1106,2000-01-03,2007-01-04,2010-04-05,2014-11-28
t2-F2-powell-pivot-2019,T2-F2,level,1,[126],['rates_daily'],['daily'],4772,4771,[126],2062,252,938,1394,2000-01-03,2008-09-30,2013-01-02,2019-01-30
t2-F2-qe2-jackson-hole-2010,T2-F2,level,1,[63],['rates_daily'],['daily'],2669,2668,[63],1169,126,529,782,2000-01-03,2004-12-08,2007-04-19,2010-08-31
t2-F2-shunto-nirp-exit-2024,T2-F2,level,1,[65],['g10_fx_daily'],['daily'],6069,6068,[65],2830,130,1242,1802,2000-01-03,2011-07-06,2016-09-20,2024-03-15
t2-F2-some-pain-2022,T2-F2,level,1,[63],['rates_daily'],['daily'],5668,5667,[63],2639,126,1158,1682,2000-01-03,2010-10-20,2015-09-04,2022-08-26
t2-F2-taper-begins-2013,T2-F2,level,1,[126],['rates_daily'],['daily'],3494,3493,[126],1435,252,670,1011,2000-01-03,2006-04-03,2009-06-05,2013-12-18
t2-F2-taper-testimony-2013,T2-F2,level,1,[64],['rates_daily'],['daily'],3352,3351,[64],1501,128,672,987,2000-01-03,2006-04-07,2009-03-17,2013-05-24
t2-F2-time-has-come-2024,T2-F2,level,1,[63],['rates_daily'],['daily'],6166,6165,[63],2883,126,1263,1831,2000-01-03,2011-10-11,2017-01-31,2024-08-23
t2-F2-trade-war-escalation-2019,T2-F2,level,1,[64],['rates_daily'],['daily'],4900,4899,[64],2260,128,997,1451,2000-01-03,2009-04-20,2013-07-15,2019-08-02
t2-F2-trichet-alertness-2008,T2-F2,level,1,[64],['g10_fx_daily'],['daily'],2139,2138,[64],907,128,417,623,2000-01-03,2003-11-13,2005-10-11,2008-06-30
t2-F2-whatever-it-takes-2012,T2-F2,level,1,[64],['g10_fx_daily'],['daily'],3163,3162,[64],1409,128,632,930,2000-01-03,2005-11-09,2008-08-13,2012-07-27
t2-F3-bear-flattener-2022,T2-F3,level,4,"[63, 126]",['rates_daily'],['daily'],5618,5617,"[63, 126]",2476,252,1116,1648,2000-01-03,2010-05-27,2015-05-14,2022-06-15
t2-F3-boj-ust-channel-2023,T2-F3,level,2,"[21, 63]","['g10_fx_daily', 'rates_daily']",['daily'],5892,5880,"[21, 63]",2743,126,1203,1746,2000-01-03,2011-03-23,2016-04-15,2023-07-21
t2-F3-brexit-joint-2016,T2-F3,level,4,"[21, 63]",['g10_fx_daily'],['daily'],4138,4137,"[21, 63]",1889,126,837,1223,2000-01-03,2007-10-04,2011-05-04,2016-06-17
t2-F3-conundrum-joint-2005,T2-F3,level,4,"[63, 126]",['rates_daily'],['daily'],1283,1282,"[63, 126]",352,252,205,348,2000-01-03,2001-11-30,2003-03-31,2005-02-18
t2-F3-covid-curve-2020,T2-F3,level,4,"[21, 63]",['rates_daily'],['daily'],5037,5036,"[21, 63]",2329,126,1026,1493,2000-01-03,2009-07-27,2013-12-02,2020-02-21
t2-F3-cpi-shock-cross-2022,T2-F3,log_return,2,"[21, 63]",['factors_daily'],['daily'],5709,5709,"[21, 63]",2659,126,1167,1694,2000-01-03,2010-10-28,2015-09-18,2022-09-09
t2-F3-divergence-2014,T2-F3,level,3,"[63, 126]","['g10_fx_daily', 'rates_daily']",['daily'],3690,3688,"[63, 126]",1531,252,711,1069,2000-01-03,2006-08-18,2009-12-22,2014-09-30
t2-F3-dollar-squeeze-2020,T2-F3,level,10,"[21, 63]",['g10_fx_daily'],['daily'],5069,5068,"[21, 63]",2345,126,1033,1502,2000-01-03,2009-07-27,2013-12-09,2020-03-13
t2-F3-dollar-vortex-2022,T2-F3,level,4,"[21, 63]","['g10_fx_daily', 'rates_daily']",['daily'],5672,5660,"[21, 63]",2635,126,1157,1680,2000-01-03,2010-10-14,2015-09-01,2022-09-01
t2-F3-dots-vs-oil-2014,T2-F3,level,3,"[63, 126]",['rates_daily'],['daily'],3743,3742,"[63, 126]",1557,252,722,1086,2000-01-03,2006-09-26,2010-02-17,2014-12-17
t2-F3-election-2024-joint,T2-F3,level,4,"[21, 63]","['g10_fx_daily', 'rates_daily']",['daily'],6213,6200,"[21, 63]",2900,126,1270,1842,2000-01-03,2011-11-04,2017-03-10,2024-10-31
t2-F3-fragile-five-joint-2013,T2-F3,level,2,"[63, 126]",['em_transfer_early'],['daily'],2110,2106,"[63, 126]",756,252,378,594,1995-01-03,1998-07-13,2000-07-12,2013-05-24
t2-F3-funding-flip-2024,T2-F3,level,4,"[21, 63]",['g10_fx_daily'],['daily'],6161,6160,"[21, 63]",2880,126,1262,1830,2000-01-03,2011-09-13,2016-12-27,2024-07-26
t2-F3-hiking-year-curve-2018,T2-F3,level,4,"[63, 126]",['rates_daily'],['daily'],4616,4615,"[63, 126]",1985,252,906,1347,2000-01-03,2008-06-11,2012-07-24,2018-06-13
t2-F3-inversion-persistence-2019,T2-F3,level,2,"[63, 126]",['rates_daily'],['daily'],4908,4907,"[63, 126]",2128,252,967,1435,2000-01-03,2009-01-07,2013-05-20,2019-08-14
t2-F3-oil-fx-split-2022,T2-F3,level,4,"[21, 63]",['g10_fx_daily'],['daily'],5552,5551,"[21, 63]",2582,126,1134,1647,2000-01-03,2010-07-07,2015-04-16,2022-02-18
t2-F3-rates-into-factors-2022,T2-F3,log_return,2,"[63, 126]",['factors_daily'],['daily'],5539,5539,"[63, 126]",2438,252,1099,1624,2000-01-03,2010-03-16,2015-01-27,2022-01-05
t2-F3-safe-haven-paradox-2011,T2-F3,level,3,"[21, 63]","['g10_fx_daily', 'rates_daily']",['daily'],2892,2890,"[21, 63]",1278,126,575,849,2000-01-03,2005-05-16,2007-11-30,2011-07-22
t2-F3-scandies-stress-2022,T2-F3,level,3,"[21, 63]",['g10_fx_daily'],['daily'],5702,5701,"[21, 63]",2655,126,1166,1692,2000-01-03,2010-10-20,2015-09-15,2022-09-23
t2-F3-taper-steepener-2013,T2-F3,level,4,"[63, 126]",['rates_daily'],['daily'],3352,3351,"[63, 126]",1366,252,640,968,2000-01-03,2005-12-21,2009-01-13,2013-05-24
t2-F3-term-premium-steepener-2023,T2-F3,level,4,"[21, 63]",['rates_daily'],['daily'],5935,5934,"[21, 63]",2769,126,1215,1762,2000-01-03,2011-04-28,2016-06-07,2023-09-21
t2-F3-vaccine-rotation-2020,T2-F3,log_return,3,"[21, 63]",['factors_daily'],['daily'],5242,5242,"[21, 63]",2430,126,1069,1554,2000-01-03,2009-12-01,2014-06-03,2020-10-30
t2-F4-aud-gfc-2008,T2-F4,level,1,[21],['g10_fx_daily'],['daily'],2191,2190,[21],1027,42,450,651,2000-01-03,2004-03-08,2006-01-19,2008-09-12
t2-F4-chf-floor-strain-2015,T2-F4,level,1,[21],['g10_fx_daily'],['daily'],3764,3763,[21],1798,42,780,1123,2000-01-03,2007-03-29,2010-06-01,2014-12-19
t2-F4-china-panic-2016,T2-F4,log_return,1,[21],['factors_daily'],['daily'],4025,4025,[21],1925,42,835,1202,2000-01-03,2007-10-01,2011-02-23,2015-12-31
t2-F4-china-stress-mkt-2015,T2-F4,log_return,1,[21],['factors_daily'],['daily'],3919,3919,[21],1873,42,813,1170,2000-01-03,2007-07-18,2010-11-05,2015-07-31
t2-F4-covid-mkt-2020,T2-F4,log_return,1,[21],['factors_daily'],['daily'],5064,5064,[21],2435,42,1053,1513,2000-01-03,2009-10-08,2014-01-15,2020-02-19
t2-F4-covid-nfp-2020,T2-F4,level,1,[21],['macro_monthly'],['monthly'],242,241,[2],114,4,50,72,2000-01-01,2009-09-01,2014-01-01,2020-03-31
t2-F4-covid-rates-2020,T2-F4,level,1,[21],['rates_daily'],['daily'],5033,5032,[21],2419,42,1047,1504,2000-01-03,2009-10-02,2014-01-10,2020-02-14
t2-F4-cpi-friday-2022,T2-F4,level,1,[21],['rates_daily'],['daily'],5607,5606,[21],2701,42,1167,1676,2000-01-03,2010-11-18,2015-08-18,2022-05-31
t2-F4-cpi-vintage-2022,T2-F4,level,1,[21],['macro_monthly'],['monthly'],268,267,[2],126,4,56,80,2000-01-01,2010-09-01,2015-07-01,2022-05-31
t2-F4-eur-warnings-2022,T2-F4,level,1,[21],['g10_fx_daily'],['daily'],5552,5551,[21],2674,42,1155,1660,2000-01-03,2010-09-16,2015-05-28,2022-02-18
t2-F4-factor-stress-2008,T2-F4,log_return,2,[21],['factors_daily'],['daily'],2187,2187,[21],1025,42,449,650,2000-01-03,2004-03-04,2006-01-13,2008-09-12
t2-F4-funding-stress-10y-2008,T2-F4,level,1,[21],['rates_daily'],['daily'],2177,2176,[21],1020,42,447,647,2000-01-03,2004-03-04,2006-01-18,2008-09-12
t2-F4-funding-stress-2y-2008,T2-F4,level,1,[63],['rates_daily'],['daily'],2177,2176,[63],928,126,425,635,2000-01-03,2003-12-19,2005-12-02,2008-09-12
t2-F4-gbp-brexit-2016,T2-F4,level,1,[21],['g10_fx_daily'],['daily'],4125,4124,[21],1974,42,856,1232,2000-01-03,2007-12-05,2011-06-02,2016-05-31
t2-F4-gbp-conference-2016,T2-F4,level,1,[21],['g10_fx_daily'],['daily'],4211,4210,[21],2017,42,874,1257,2000-01-03,2008-02-07,2011-08-29,2016-09-30
t2-F4-hike-cycle-2021Q4b,T2-F4,level,1,[126],['rates_daily'],['daily'],5504,5503,[126],2420,252,1092,1614,2000-01-03,2010-03-10,2015-01-21,2021-12-31
t2-F4-hml-covid-2020,T2-F4,log_return,1,[21],['factors_daily'],['daily'],5062,5062,[21],2433,42,1053,1513,2000-01-03,2009-10-06,2014-01-13,2020-02-14
t2-F4-jpy-carry-2007,T2-F4,level,1,[21],['g10_fx_daily'],['daily'],1899,1898,[21],884,42,388,564,2000-01-03,2003-08-08,2005-03-25,2007-07-20
t2-F4-jpy-crowding-2024,T2-F4,level,1,[21],['g10_fx_daily'],['daily'],6164,6163,[21],2974,42,1284,1843,2000-01-03,2011-11-29,2017-02-14,2024-07-31
t2-F4-mkt-selloff-2011,T2-F4,log_return,1,[21],['factors_daily'],['daily'],2907,2907,[21],1378,42,600,866,2000-01-03,2005-07-28,2008-01-16,2011-07-22
t2-F4-momentum-reversal-2009,T2-F4,log_return,1,[63],['factors_daily'],['daily'],2307,2307,[63],991,126,453,674,2000-01-03,2004-03-16,2006-04-03,2009-03-06
t2-F4-nok-covid-2020,T2-F4,level,1,[21],['g10_fx_daily'],['daily'],5059,5058,[21],2432,42,1052,1512,2000-01-03,2009-09-29,2014-01-10,2020-02-28
t2-F4-powell-december-2018,T2-F4,log_return,1,[21],['factors_daily'],['daily'],4760,4760,[21],2286,42,989,1422,2000-01-03,2009-03-09,2013-03-13,2018-11-30
t2-F4-qe1-expansion-2009,T2-F4,level,1,[63],['rates_daily'],['daily'],2271,2270,[63],974,126,445,663,2000-01-03,2004-02-27,2006-03-10,2009-01-30
t2-F4-quant-crowding-2007,T2-F4,log_return,3,[7],['factors_daily'],['daily'],1904,1904,[7],917,14,396,570,2000-01-03,2003-09-09,2005-04-15,2007-07-31
t2-F4-short-vol-2018,T2-F4,log_return,1,[21],['factors_daily'],['daily'],4546,4546,[21],2181,42,944,1358,2000-01-03,2008-10-06,2012-08-03,2018-01-26
t2-F4-svb-whiplash-2023,T2-F4,level,1,[21],['rates_daily'],['daily'],5798,5797,[21],2794,42,1207,1734,2000-01-03,2011-04-04,2016-03-02,2023-03-08
t2-F4-taper-warning-2013,T2-F4,level,1,[63],['rates_daily'],['daily'],3334,3333,[63],1495,126,668,982,2000-01-03,2006-03-29,2009-02-27,2013-04-30
t2-F4-ust-downgrade-watch-2011,T2-F4,level,1,[21],['rates_daily'],['daily'],2892,2891,[21],1370,42,597,862,2000-01-03,2005-07-27,2008-01-15,2011-07-22
t2-F4-ust10y-supply-2023,T2-F4,level,1,[21],['rates_daily'],['daily'],5941,5940,[21],2865,42,1237,1776,2000-01-03,2011-07-15,2016-07-26,2023-09-29
t2-F4-vaccine-timeline-2020,T2-F4,log_return,1,[21],['factors_daily'],['daily'],5242,5242,[21],2522,42,1090,1567,2000-01-03,2010-02-12,2014-07-15,2020-10-30
