unit,family,setting,target,train_dates,train_score,train_marginal,train_joint,train_tail,train_inside_50,train_inside_90,validation_dates,validation_score,validation_marginal,validation_joint,validation_tail,validation_inside_50,validation_inside_90,test_dates,test_score,test_marginal,test_joint,test_tail,test_inside_50,test_inside_90
t2-F1-ai-mom-2024,T2-F1,42 / 1.1,log_return,545,0.0588968450154626,0.07799663407138839,0.0,0.011147372375648086,0.45504587155963305,0.818348623853211,245,0.030540335619012718,0.04093684569382316,0.0,0.0045490604319866,0.42857142857142855,0.9387755102040817,361,0.04033487604627643,0.05374245569279357,0.0,0.006815926929983573,0.5290858725761773,0.9584487534626038
t2-F1-aud-on-hold-2016,T2-F1,42 / 1.1,level,330,0.020209214595302706,0.032441187820577866,0.010378527956142193,0.004375311490855572,0.5272727272727272,0.8803030303030303,159,0.05360203211184767,0.08594486134508508,0.026866114528798963,0.012848835403327204,0.3836477987421384,0.8081761006289309,243,0.02883847275708199,0.045746017748705264,0.014972344963352441,0.007368801968618142,0.5864197530864198,0.808641975308642
t2-F1-cad-boc-2017,T2-F1,42 / 1.1,level,347,0.02682571961331642,0.04374006729155294,0.012713659113290861,0.005707941167763458,0.5417867435158501,0.9048991354466859,166,0.04346996623336709,0.06737296527741805,0.025491111029352222,0.01068075142926198,0.6234939759036144,0.8524096385542169,253,0.02815732083583792,0.043465036854610985,0.016748037590334098,0.007001955657161007,0.525691699604743,0.8517786561264822
t2-F1-chf-highly-valued-2021,T2-F1,42 / 1.1,level,443,0.03612935267360426,0.05748160969350182,0.019719483254288208,0.007363514252834415,0.5564334085778782,0.9153498871331829,207,0.026755763451568392,0.04458474083737094,0.01144212844510287,0.005153772496760301,0.5917874396135265,0.9178743961352657,312,0.01622401170029891,0.023872914618757575,0.011790191485616542,0.003752484726175781,0.7483974358974359,0.967948717948718
t2-F1-conflicting-texts-2024,T2-F1,42 / 1.1,level,515,0.23489758217938947,0.3751568833058493,0.12559576988702997,0.04820204780177903,0.5902912621359223,0.9300970873786408,238,0.21625431662843245,0.34907610265094924,0.11104144339539211,0.0420191614217008,0.5861344537815126,0.8676470588235294,356,0.2854265766270276,0.46749058871005383,0.13404674022405072,0.05733630102392741,0.38764044943820225,0.7471910112359551
t2-F1-considerable-period-2003,T2-F1,42 / 1.1,level,4,0.2703278909240757,0.4700671673140634,0.08443961506903515,0.04981211373166743,0.125,1.0,19,0.18605195228386623,0.27495521866306144,0.1346698115592063,0.04086699742286822,0.7894736842105263,0.9736842105263158,43,0.3236068803637436,0.5539005970119416,0.11653118264037485,0.05848613532830156,0.3953488372093023,0.8255813953488372
t2-F1-conundrum-2005,T2-F1,42 / 1.1,level,41,0.2808396317779406,0.485849775773592,0.09852827205947769,0.041781311366506306,0.13414634146341464,0.9146341463414634,35,0.29647512210995935,0.49760886907047575,0.12058368596969977,0.05747790891905776,0.4714285714285714,0.8857142857142857,66,0.19178155083349466,0.2972795653553443,0.11262116475184915,0.046777093651338794,0.8106060606060606,0.9924242424242424
t2-F1-cpi-glidepath-2023,T2-F1,42 / 1.1,level,22,1.8025845013858737,3.1912827271119997,0.20553182378719537,0.7264179534685767,0.045454545454545456,0.3181818181818182,11,1.137673180792824,2.0173316039851126,0.2924972554611989,0.20629101080954018,0.22727272727272727,0.6363636363636364,17,3.101290907839218,5.356387195580223,0.2994897801268142,1.6662518800553132,0.058823529411764705,0.23529411764705882
t2-F1-dkk-peg-2019,T2-F1,42 / 1.1,level,413,0.20354340825375236,0.2723967147929649,0.0,0.03141014190572093,0.4261501210653753,0.8789346246973365,189,0.1859552383545398,0.24697852399534698,0.0,0.033397024252521834,0.5026455026455027,0.9365079365079365,281,0.189267817361863,0.2467241573216499,0.0,0.045626967462395696,0.49466192170818507,0.8398576512455516
t2-F1-eur-range-2017,T2-F1,42 / 1.1,level,351,0.029585242772717242,0.048217798060775266,0.01447559029845974,0.005668333263958437,0.47150997150997154,0.9002849002849003,168,0.05178745799737202,0.08608419989914814,0.022792102616955277,0.009538636313556828,0.4166666666666667,0.8184523809523809,256,0.03283067818832383,0.05073862972498876,0.017935073325464523,0.010404206640950478,0.6484375,0.861328125
t2-F1-fed-put-2019,T2-F1,42 / 1.1,log_return,421,0.04944485711364205,0.06572118919607864,0.0,0.00875402690755058,0.5320665083135392,0.9311163895486936,193,0.05623755314746032,0.07511519816316496,0.0,0.009043440608198672,0.5129533678756477,0.9896373056994818,286,0.036352482692627586,0.04878955453452022,0.0,0.005259803087896003,0.38461538461538464,0.9195804195804196
t2-F1-greater-confidence-2024,T2-F1,42 / 1.1,level,506,0.3712718879386332,0.6015267685714241,0.17372892372442544,0.09194913267796753,0.4150197628458498,0.8092885375494071,234,0.07360581687687791,0.10705915073942211,0.05569994388005836,0.01683129171574675,0.8055555555555556,1.0,351,0.42117563477980935,0.6485352898549329,0.22653586119962835,0.14473615746227167,0.31196581196581197,0.5584045584045584
t2-F1-hawkish-cut-2024,T2-F1,42 / 1.1,level,528,0.36140762298511175,0.585392477748831,0.1695049932475638,0.08929943068213587,0.42424242424242425,0.8172348484848485,243,0.06807958021060372,0.09791234116994921,0.052619780469468476,0.016687377423942818,0.845679012345679,1.0,364,0.4169939753184378,0.6402431101287568,0.22719115785262886,0.14357536449135358,0.38186813186813184,0.5769230769230769
t2-F1-jpy-ycc-flex-2018,T2-F1,42 / 1.1,level,373,2.67460071065768,4.344396275095539,1.3141192306005194,0.5408340196487728,0.5576407506702413,0.920911528150134,177,2.6090202473059376,4.040990921271061,1.5991560247408938,0.5438898962406952,0.615819209039548,0.96045197740113,269,3.9533032571780597,6.350476750631002,1.740615718047393,1.279400832241702,0.5148698884758365,0.7379182156133829
t2-F1-liftoff-telegraph-2015,T2-F1,42 / 1.1,level,304,0.3661128980879794,0.6258952039917275,0.12174950681397084,0.08320222023962195,0.29605263157894735,0.7779605263157895,147,0.47538365989144726,0.7061456778813054,0.31932485798539517,0.13256681777588014,0.5204081632653061,0.8095238095238095,227,0.07203789391208944,0.10301272101273895,0.05756398520003278,0.016311689228550644,0.8215859030837004,1.0
t2-F1-measured-pace-2004,T2-F1,42 / 1.1,level,25,0.520307525646899,0.8024916699501935,0.3171783355623393,0.11954095001550233,0.16,0.6,28,0.2982575458815496,0.530397673529823,0.07265927012683504,0.05630464039293807,0.4107142857142857,0.8928571428571429,57,0.19602200002044776,0.30611073939110633,0.11106982784538384,0.04822840985639721,0.7982456140350878,1.0
t2-F1-normalization-2017,T2-F1,42 / 1.1,level,371,0.23260862544804617,0.31011904074876256,0.0,0.03883258719625508,0.5876010781671159,0.9407008086253369,171,0.3685133674800607,0.4918176877444851,0.0,0.06025256681899975,0.5321637426900585,0.847953216374269,255,0.20758913276617066,0.27751544453459276,0.0,0.03277335334511526,0.5647058823529412,0.8980392156862745
t2-F1-patient-dropped-2015,T2-F1,42 / 1.1,level,315,0.39454355887550446,0.5254166181332806,0.0,0.06736091073106411,0.3396825396825397,0.8126984126984127,147,0.48228652444703346,0.6308652817277748,0.0,0.1108396312451802,0.564625850340136,0.8095238095238095,221,0.08010314057862362,0.10605519885706373,0.0,0.015222994882523383,0.7647058823529411,1.0
t2-F1-pause-2006,T2-F1,42 / 1.1,level,77,0.8498925891903351,0.7004235893356052,1.5899087526187587,0.11354084368452362,0.2564935064935065,0.7077922077922078,50,0.3355188038613558,0.41263097315276936,0.3963879891528398,0.0514346026955961,0.62,0.915,88,0.7313707186968482,0.41283563931190365,1.7231703330046193,0.04000899569755344,0.41761363636363635,0.9005681818181818
t2-F1-qe3-end-2014,T2-F1,42 / 1.1,level,279,0.21801002170519612,0.34960447487038954,0.11367631703932161,0.04552444579102422,0.6272401433691757,0.9498207885304659,137,0.27055998467966835,0.4350821958018026,0.1404402735150324,0.05443402362128674,0.4927007299270073,0.8832116788321168,212,0.2569166045406427,0.42001818436909133,0.12458141629620184,0.047665437336182434,0.5047169811320755,0.8254716981132075
t2-F1-sahm-watch-2024,T2-F1,42 / 1.1,level,23,0.3210160662933192,0.5204837372389611,0.11397407210991468,0.13290988020432115,0.3695652173913043,0.6956521739130435,12,0.20278558091371876,0.3673594685384031,0.041584347167246107,0.033152712471716826,0.2916666666666667,0.875,18,1.2815168074983523,1.470747094771477,1.5503442064053585,0.4051999909550316,0.6666666666666666,0.8888888888888888
t2-F1-third-cut-2019,T2-F1,42 / 1.1,level,402,0.3922225001675707,0.6484369865389945,0.15900916630426373,0.10150628503397154,0.3345771144278607,0.7624378109452736,190,0.12509990447558933,0.1734497477374571,0.10872703934330709,0.02878459401934321,0.7973684210526316,1.0,287,0.16083407640226363,0.2645912151719149,0.0658012365214451,0.04399048929936321,0.5331010452961672,0.8066202090592335
t2-F1-ust-positioning-2018,T2-F1,42 / 1.1,level,375,0.21266400245003586,0.3397715132125819,0.11329604606421062,0.04394716012240847,0.5906666666666667,0.9373333333333334,178,0.3093373973193487,0.5068665905282337,0.14619165746510246,0.060233024078505525,0.5337078651685393,0.8764044943820225,271,0.19339224176828124,0.31069556606746906,0.10369745799816976,0.03467610667547887,0.492619926199262,0.8966789667896679
t2-F2-abenomics-2012,T2-F2,130 / 1.0,level,289,2.2804145368097855,3.0491442346432813,0.0,0.35859029222604544,0.5259515570934256,0.8442906574394463,131,2.165292591023833,2.901779333914869,0.0,0.3240757337962428,0.5267175572519084,0.916030534351145,192,1.5880353623419186,2.1158689670134545,0.0,0.26845135066307846,0.625,0.9895833333333334
t2-F2-act-as-appropriate-2019,T2-F2,130 / 1.0,level,447,0.26584396508951563,0.3533424940734384,0.0,0.047097642629708655,0.407158836689038,0.8165548098434005,198,0.07801992960770904,0.10339671562035589,0.0,0.014577964576091899,0.7323232323232324,0.9949494949494949,289,0.09496565589104403,0.12622198795941122,0.0,0.016824825720126002,0.5397923875432526,0.8823529411764706
t2-F2-aud-taper-2013,T2-F2,130 / 1.0,level,301,0.01534562677852929,0.02046750415033701,0.0,0.0025409333490099837,0.5182724252491694,0.8538205980066446,135,0.030854487843088967,0.03989422504051495,0.0,0.00825514484952401,0.4444444444444444,0.7703703703703704,199,0.022495601785707902,0.030079616049366605,0.0,0.0035355661265611365,0.5628140703517588,0.9849246231155779
t2-F2-boj-thin-signal-2014,T2-F2,130 / 1.0,level,336,2.166896114717339,2.895105821371138,0.0,0.3463718480828427,0.5535714285714286,0.8660714285714286,151,2.7366389981585293,3.6577336985858167,0.0,0.43390224709030994,0.5033112582781457,0.8609271523178808,220,1.9547435853663826,2.559093518579151,0.0,0.44386875233446144,0.55,0.8545454545454545
t2-F2-cnh-stress-2015,T2-F2,130 / 1.0,level,217,0.005631149149467835,0.007310505215163819,0.0,0.0014327589852278764,0.8571428571428571,0.9953917050691244,100,0.0009077271797362224,0.0011785050815870122,0.0,0.00023078242510924795,0.89,1.0,148,0.0026316760070162243,0.0031544649434709585,0.0,0.0013247036658793879,0.9797297297297297,0.9864864864864865
t2-F2-cnh-tradewar-2018,T2-F2,130 / 1.0,level,217,0.002979288268437135,0.003645322601277807,0.0,0.0013142024363354558,0.815668202764977,0.9400921658986175,100,0.0005267727386107302,0.0006786341152741784,0.0,0.00014711929695210963,1.0,1.0,148,0.07276490207788633,0.09261348290167574,0.0,0.023143450018412816,0.18243243243243243,0.33783783783783783
t2-F2-considerable-removal-2004,T2-F2,130 / 1.0,level,71,0.28187990017028264,0.36833548866963184,0.0,0.06574092892190955,0.323943661971831,0.7746478873239436,37,0.2757383032265738,0.3700546238751766,0.0,0.03994750160506643,0.5135135135135135,0.8918918918918919,58,0.14575739682329988,0.1926357032322608,0.0,0.02856163080089757,0.7758620689655172,0.9827586206896551
t2-F2-credit-crunch-2007,T2-F2,130 / 1.0,level,158,0.2817811153124036,0.3721801771358228,0.0,0.055783460753855485,0.4430379746835443,0.8037974683544303,74,0.21131697711104094,0.2821281957485504,0.0,0.03428893051726729,0.5,0.9054054054054054,111,0.13084843040301164,0.17598099780956256,0.0,0.018017011886634283,0.40540540540540543,0.9279279279279279
t2-F2-cut-sizing-2024,T2-F2,130 / 1.0,level,576,0.17131984693389338,0.2897232599883652,0.06391510957319287,0.03641842033876482,0.4756944444444444,0.8697916666666666,253,0.07876210875475945,0.1343225558276588,0.025682951076930454,0.019479727589254554,0.6996047430830039,0.9446640316205533,367,0.16882784645366986,0.28446670054107714,0.05768329922691302,0.046447532075286894,0.4305177111716621,0.784741144414169
t2-F2-draghi-precommit-2014,T2-F2,130 / 1.0,level,325,0.024581950996750496,0.03299718139306457,0.0,0.0035438750059653286,0.46153846153846156,0.8553846153846154,146,0.036512894625711986,0.04803759834841512,0.0,0.007701135318954176,0.4383561643835616,0.773972602739726,214,0.025942367850813264,0.03481244260779958,0.0,0.0037671809583474814,0.514018691588785,0.9532710280373832
t2-F2-ecb-qe-telegraph-2014,T2-F2,130 / 1.0,level,338,0.02373888260800692,0.0318538698793637,0.0,0.0034514144296149602,0.46153846153846156,0.8668639053254438,152,0.03808875982988672,0.05034603274393466,0.0,0.007445577544766849,0.4342105263157895,0.7631578947368421,222,0.023976885966297615,0.0320464639544335,0.0,0.0038029409959578872,0.4864864864864865,0.9279279279279279
t2-F2-eur-parity-2022,T2-F2,130 / 1.0,level,523,0.028579635648739672,0.03812442155601676,0.0,0.00471767088054695,0.4569789674952199,0.8317399617590823,231,0.026418801443446178,0.03483088783570741,0.0,0.0053885854627931,0.5108225108225108,0.8571428571428571,335,0.01630142867914798,0.02181020945428149,0.0,0.0025294767413142076,0.5373134328358209,0.9253731343283582
t2-F2-fragile-five-brl-2013,T2-F2,130 / 1.0,level,177,0.011886641301901493,0.01576882700241276,0.0,0.0021811770506233283,0.1016949152542373,0.519774011299435,83,0.12803810730849238,0.15761884234402346,0.0,0.054086269719664674,0.6265060240963856,0.8554216867469879,123,0.1806657292441701,0.23382248985148285,0.0,0.04777382772588822,0.2682926829268293,0.5934959349593496
t2-F2-fragile-five-inr-2013,T2-F2,130 / 1.0,level,217,0.39469367650271103,0.5025806472569806,0.0,0.12497624961703718,0.6866359447004609,0.8341013824884793,100,0.39899180386344857,0.5332601964750975,0.0,0.06332082233432647,0.72,0.86,148,0.34009191931740745,0.44789337038177274,0.0,0.07058829165649423,0.39864864864864863,0.7094594594594594
t2-F2-higher-for-longer-2023,T2-F2,130 / 1.0,level,552,0.20179669911417353,0.26996892214197094,0.0,0.03136614154467989,0.5126811594202898,0.8840579710144928,243,0.1529655047678245,0.20276886021025622,0.0,0.028457116161745268,0.6131687242798354,0.8847736625514403,353,0.19706133976803245,0.2612751273549389,0.0,0.03652687080076615,0.44192634560906513,0.7875354107648725
t2-F2-nirp-paradox-2016,T2-F2,130 / 1.0,level,367,2.0929423155479405,2.795570481309748,0.0,0.3363719011434217,0.5613079019073569,0.8773841961852861,164,2.6117486222950554,3.4912868896381783,0.0,0.41290295393724896,0.5060975609756098,0.9024390243902439,239,2.25753977780727,2.917208878417787,0.0,0.6083670262809779,0.5564853556485355,0.8117154811715481
t2-F2-opec-cad-2014,T2-F2,130 / 1.0,level,338,0.01997126034953395,0.026681495490638602,0.0,0.0031956724967723165,0.48520710059171596,0.9112426035502958,152,0.03466350384309083,0.045315099620635166,0.0,0.008034514399230008,0.4868421052631579,0.7631578947368421,222,0.01363753159817315,0.018170494249034323,0.0,0.002305124971020217,0.6351351351351351,0.9414414414414415
t2-F2-powell-pivot-2019,T2-F2,130 / 1.0,level,411,0.4153019725383822,0.5472051771843583,0.0,0.08554396092344174,0.3309002433090024,0.8029197080291971,188,0.13817652475441813,0.18214036919927057,0.0,0.028266913642287034,0.7925531914893617,0.9946808510638298,279,0.14233870209234364,0.18722053705757682,0.0,0.030134114679260676,0.5806451612903226,0.8673835125448028
t2-F2-qe2-jackson-hole-2010,T2-F2,130 / 1.0,level,232,0.20854045637331287,0.2790219452738634,0.0,0.03233673412193645,0.5043103448275862,0.896551724137931,106,0.12737281501805436,0.17061079023286538,0.0,0.019277876981026877,0.5471698113207547,0.9056603773584906,157,0.24814768529509185,0.33171293667048674,0.0,0.0392345568566045,0.49044585987261147,0.8280254777070064
t2-F2-shunto-nirp-exit-2024,T2-F2,130 / 1.0,level,564,2.2479765246755035,3.0022935267925086,0.0,0.36218401938299016,0.5673758865248227,0.8900709219858156,249,2.520972880619966,3.2782796256820936,0.0,0.6277060179646448,0.5140562248995983,0.7951807228915663,361,2.274197729935261,3.0114497050262887,0.0,0.4310677922076929,0.4930747922437673,0.8864265927977839
t2-F2-some-pain-2022,T2-F2,130 / 1.0,level,526,0.19939431630505317,0.2666294672770034,0.0,0.031306438875177624,0.5190114068441065,0.8916349809885932,232,0.16479343796934073,0.2186626863899524,0.0,0.03012031691781157,0.5775862068965517,0.875,337,0.18053788335179,0.23917759821849885,0.0,0.03393859618501784,0.42433234421364985,0.7922848664688428
t2-F2-taper-begins-2013,T2-F2,130 / 1.0,level,285,0.23797276395714462,0.31808366555783163,0.0,0.03769550995542705,0.5754385964912281,0.9719298245614035,134,0.2950892676590507,0.39436355241539434,0.0,0.04690355576819175,0.48507462686567165,0.8134328358208955,203,0.3078110589181847,0.41305584067861867,0.0,0.04469910451709991,0.49261083743842365,0.8177339901477833
t2-F2-taper-testimony-2013,T2-F2,130 / 1.0,level,299,0.1891663935015226,0.2529502399912095,0.0,0.02970677727730521,0.5351170568561873,0.9096989966555183,135,0.20865608263340385,0.27888814193037126,0.0,0.0330759343909852,0.4666666666666667,0.8444444444444444,198,0.2028010339878633,0.270843678618052,0.0,0.03269442241239153,0.5656565656565656,0.8787878787878788
t2-F2-time-has-come-2024,T2-F2,130 / 1.0,level,575,0.22813872906470825,0.30307516516915123,0.0,0.040797638803600926,0.4608695652173913,0.8608695652173913,253,0.05419647428478487,0.07177938780524323,0.0,0.01023919048363896,0.782608695652174,0.9841897233201581,367,0.23242293948280154,0.3029628296718883,0.0,0.056073214010084485,0.4359673024523161,0.7329700272479565
t2-F2-trade-war-escalation-2019,T2-F2,130 / 1.0,level,450,0.19674889271970922,0.2632511507424914,0.0,0.030493247662753922,0.5,0.8822222222222222,200,0.20340115119130722,0.27160340583591674,0.0,0.032895514579783375,0.555,0.86,291,0.13078582949655854,0.17441657695664778,0.0,0.021708960846335373,0.5601374570446735,0.8934707903780069
t2-F2-trichet-alertness-2008,T2-F2,130 / 1.0,level,180,0.023997557539837032,0.03219905578910359,0.0,0.0034938119166706286,0.4111111111111111,0.8444444444444444,84,0.02529874301006826,0.03392463001513448,0.0,0.003734025497402701,0.5595238095238095,0.9047619047619048,125,0.022960138272485556,0.030457886046693777,0.0,0.00421576883696499,0.488,0.808
t2-F2-whatever-it-takes-2012,T2-F2,130 / 1.0,level,280,0.025226320743797697,0.033875350130281257,0.0,0.0036037472775888027,0.44642857142857145,0.8357142857142857,127,0.022122744445178626,0.029438082129309536,0.0,0.0038344002348513376,0.47244094488188976,0.8267716535433071,186,0.034166352059936476,0.04572688957013788,0.0,0.005265008284432978,0.45161290322580644,0.9247311827956989
t2-F3-bear-flattener-2022,T2-F3,130 / 1.0,level,494,1.2803324725116365,0.3364428348093524,3.6778512180830876,0.04377844841017018,0.5043016194331984,0.8919534412955465,224,0.5919053742796453,0.22802529893599158,1.574107787828756,0.02830194231511408,0.5876116071428571,0.9006696428571429,330,0.9570381673493936,0.2856329962129022,2.6846569284150084,0.04412295359219989,0.45984848484848484,0.7670454545454546
t2-F3-boj-ust-channel-2023,T2-F3,130 / 1.0,level,547,1.1553306611954608,1.301890566459293,1.5779247403128434,0.1550397793598062,0.5114259597806216,0.8912248628884827,241,1.248255958466914,1.2204653666673015,1.9784920853121162,0.2223782476981425,0.5487551867219918,0.8620331950207469,350,1.1832425859378626,1.250193950631989,1.7455051385009521,0.17247034535791195,0.5078571428571429,0.855
t2-F3-brexit-joint-2016,T2-F3,130 / 1.0,level,376,0.9686997280551102,0.5855341763163742,2.20698413599482,0.06918699549238534,0.5089760638297872,0.895279255319149,168,1.2313036440520448,0.6904873213149156,2.898538410041694,0.08249230191039442,0.4799107142857143,0.8482142857142857,245,1.1312389481429312,0.6007136616750468,2.697175904513889,0.10864672975620455,0.5443877551020408,0.8673469387755102
t2-F3-conundrum-joint-2005,T2-F3,130 / 1.0,level,69,1.4203623443110298,0.40991413548790834,4.015815628775558,0.053302939672042964,0.3496376811594203,0.8043478260869565,41,1.1886405968576126,0.4914034558946898,3.110185013979429,0.049416823582195644,0.4298780487804878,0.7926829268292683,70,0.9063570909628396,0.30403055341423363,2.4887144482239467,0.03863739894269414,0.6142857142857143,0.9446428571428571
t2-F3-covid-curve-2020,T2-F3,130 / 1.0,level,464,0.7975092724085223,0.22140863738314392,2.2709487236245183,0.02760168314797436,0.4822198275862069,0.8844288793103449,206,0.40496037304443594,0.16768829970320895,1.0557798438415413,0.02191135020184505,0.5612864077669902,0.9077669902912622,299,0.3821697524462438,0.1317967180529226,1.043141819641884,0.016644237636086516,0.5409698996655519,0.8783444816053512
t2-F3-cpi-shock-cross-2022,T2-F3,130 / 1.0,log_return,530,0.05545684443863743,0.033768595350166124,0.1255495920340356,0.004538345766718452,0.4660377358490566,0.8589622641509433,234,0.03281314018443094,0.02202668247996801,0.07088910985668136,0.0026653299372126483,0.5053418803418803,0.8974358974358975,339,0.054379991720441,0.0351802298209296,0.11916108756900887,0.005207752696367727,0.47271386430678464,0.8702064896755162
t2-F3-divergence-2014,T2-F3,130 / 1.0,level,305,1.6644028934602484,1.3214842270082965,3.2446731453351774,0.15129418177773551,0.49398907103825135,0.8978142076502732,143,2.1217277659329024,1.5537830455344024,4.359318948408405,0.1852027932158986,0.4452214452214452,0.7925407925407925,214,1.7774081550837708,1.2048295015437054,3.7721978873640425,0.2166701905135271,0.5490654205607477,0.8886292834890965
t2-F3-dollar-squeeze-2020,T2-F3,130 / 1.0,level,467,2.2868190621950837,0.32195146501654387,7.060126966146199,0.03902619921476321,0.48329764453961455,0.865203426124197,207,1.8127179823029438,0.25126298119731844,5.597256689519382,0.03954742424235032,0.5611111111111111,0.9306763285024154,301,1.8344069422654947,0.27186915436130327,5.635125371656978,0.039673767938750625,0.5327242524916943,0.8847176079734219
t2-F3-dollar-vortex-2022,T2-F3,130 / 1.0,level,525,1.2734790598120012,0.6821404338112175,3.053044969360469,0.08247676049125913,0.49523809523809526,0.8747619047619047,232,1.1120103948542637,0.5694834476896253,2.684459281413558,0.10965443292691834,0.556573275862069,0.8933189655172413,336,1.14616690991882,0.574686716425765,2.8058855046793747,0.08528950151062654,0.5189732142857143,0.8649553571428571
t2-F3-dots-vs-oil-2014,T2-F3,130 / 1.0,level,310,0.7188972666235277,0.30531544955280776,1.8625685113718944,0.03734494217777745,0.49301075268817207,0.9134408602150538,145,1.06899226139622,0.40262038210956747,2.851945682324883,0.06049182821985623,0.5298850574712644,0.8310344827586207,218,0.37302823920035444,0.23671901120634747,0.8298481713833108,0.028571410910937574,0.5932721712538227,0.9090214067278287
t2-F3-election-2024-joint,T2-F3,130 / 1.0,level,578,1.2841979328102031,0.7032430100320038,3.0518006448458697,0.08518117170220059,0.48767301038062283,0.8808391003460208,254,1.4118983279035382,0.7178260894779445,3.4307594714455107,0.11878720865456369,0.5836614173228346,0.8986220472440944,369,1.3454658800043404,0.7031708420018387,3.247417045654168,0.09827672653585379,0.4959349593495935,0.8550135501355014
t2-F3-fragile-five-joint-2013,T2-F3,130 / 1.0,level,150,0.6638224896125114,0.5681255451114796,1.1654518153143318,0.15062086231236027,0.305,0.5883333333333334,76,0.34012005794565786,0.29594113605620526,0.5929320008369527,0.07134944833234715,0.5953947368421053,0.7796052631578947,119,0.31468789084741666,0.39001642935909475,0.35299244228796606,0.06890971740739772,0.32142857142857145,0.6449579831932774
t2-F3-funding-flip-2024,T2-F3,130 / 1.0,level,574,1.0036046582088207,0.6035704272431823,2.291603225818412,0.07169238420852948,0.49825783972125437,0.8863240418118467,253,1.222921659568219,0.6377608779455385,2.939383981794072,0.11113013028614124,0.5686758893280632,0.8903162055335968,366,0.9842226605144987,0.5817655330335522,2.257651215410313,0.08022264687314302,0.5273224043715847,0.9064207650273224
t2-F3-hiking-year-curve-2018,T2-F3,130 / 1.0,level,395,1.3114350309712646,0.32285341320483335,3.805203556158349,0.042236287606716105,0.46867088607594937,0.884493670886076,182,0.9279483312105129,0.3633935236334324,2.4590694407168185,0.042653685893755906,0.5343406593406593,0.8901098901098901,270,0.5695518684852771,0.19461604705664354,1.5570797231395752,0.025599640075413994,0.5967592592592592,0.8930555555555556
t2-F3-inversion-persistence-2019,T2-F3,130 / 1.0,level,424,0.46311003511847615,0.3648923631324471,0.9025082601066315,0.049556877601315504,0.44870283018867924,0.8632075471698113,194,0.2566989014744805,0.2374573487667259,0.4396270174327163,0.030410609306513313,0.6778350515463918,0.9407216494845361,287,0.21401926606160582,0.1920666750927601,0.37636330764361126,0.025384681110711953,0.5426829268292683,0.8623693379790941
t2-F3-oil-fx-split-2022,T2-F3,130 / 1.0,level,515,0.28882379399021413,0.11682223131646581,0.7572017369096983,0.016260786295358834,0.49320388349514566,0.8677184466019418,227,0.20543875741735926,0.0915952799100189,0.5222076269757973,0.014894146848053206,0.5231277533039648,0.8794052863436124,330,0.27752569827933243,0.10501090042041548,0.7408118219474384,0.013883507424465848,0.5371212121212121,0.9075757575757576
t2-F3-rates-into-factors-2022,T2-F3,130 / 1.0,log_return,486,0.0953512953485491,0.05853044392776415,0.2144652105583131,0.008732551085865372,0.3976337448559671,0.7618312757201646,220,0.04005863156475324,0.02607622289033281,0.08807849749970242,0.002984854348380567,0.4954545454545455,0.9022727272727272,325,0.0839321446932364,0.04952076715931176,0.19232051014620077,0.0073780403486014765,0.47307692307692306,0.8615384615384616
t2-F3-safe-haven-paradox-2011,T2-F3,130 / 1.0,level,254,1.111424651858809,0.8994709626067203,2.1337470034072883,0.107825347666311,0.5078740157480315,0.8930446194225722,115,0.8242679621589454,0.7232563894871324,1.4867368343512302,0.08309358555005061,0.5289855072463768,0.918840579710145,170,1.2042384429069068,0.921727466874218,2.4017641468430884,0.11422732708435629,0.5147058823529411,0.8892156862745098
t2-F3-scandies-stress-2022,T2-F3,130 / 1.0,level,529,0.26283019663510776,0.15072064883245528,0.6108467380523886,0.02107925401581769,0.5063011972274731,0.8714555765595463,234,0.19392345494777866,0.11392773370478922,0.4440974475921152,0.018651769088747487,0.542022792022792,0.8853276353276353,339,0.2662432176437361,0.14156797813335475,0.6391489379481154,0.018572735963120313,0.5073746312684366,0.8967551622418879
t2-F3-taper-steepener-2013,T2-F3,130 / 1.0,level,272,1.2126478642932599,0.32446403039050153,3.4749033847508977,0.03972416836369953,0.49816176470588236,0.90625,128,1.6159137223829405,0.3543902702214631,4.760349800554126,0.05306823552985618,0.470703125,0.81640625,194,0.6664272217431643,0.27360501092686684,1.7421697205902165,0.034869000513329196,0.6256443298969072,0.9323453608247423
t2-F3-term-premium-steepener-2023,T2-F3,130 / 1.0,level,552,0.7371778303972524,0.2168948045028658,2.0778335428493886,0.02690182645501426,0.49728260869565216,0.8917572463768116,243,0.3252986473111397,0.1319159763986901,0.852293608349047,0.01826288303540299,0.5997942386831275,0.9243827160493827,353,0.6868652745018886,0.19423384627591136,1.946628167800485,0.02879950511893667,0.4911473087818697,0.8098441926345609
t2-F3-vaccine-rotation-2020,T2-F3,130 / 1.0,log_return,484,0.11331038664657178,0.03231018451690728,0.3208995151219037,0.004427199257735171,0.4431818181818182,0.8085399449035813,214,0.05534678470455487,0.0171596963694089,0.15458242424082036,0.001961046238021571,0.5179127725856698,0.9158878504672897,311,0.09452907254216848,0.02561063011483925,0.26987282692650544,0.003809547033986141,0.4753483386923902,0.8585209003215434
t2-F4-aud-gfc-2008,T2-F4,260 / 1.1,level,204,0.008547347225050399,0.011474289972847012,0.0,0.0012299903555588686,0.45588235294117646,0.8921568627450981,90,0.008872300393111711,0.0117556490718506,0.0,0.00166392869626449,0.6888888888888889,0.9777777777777777,131,0.012017940204119499,0.015972297112677936,0.0,0.0021320479327234004,0.5267175572519084,0.8702290076335878
t2-F4-chf-floor-strain-2015,T2-F4,260 / 1.1,level,358,0.0175775595572766,0.023506428047374843,0.0,0.00275538833203099,0.547486033519553,0.952513966480447,156,0.016649621553083412,0.022047037487210548,0.0,0.0031560817177655716,0.5833333333333334,0.8717948717948718,225,0.012181732802960333,0.016152681336858814,0.0,0.002254361468214126,0.6,0.9244444444444444
t2-F4-china-panic-2016,T2-F4,260 / 1.1,log_return,383,0.01902657178527297,0.025345405803475198,0.0,0.003229486739767399,0.6292428198433421,0.95822454308094,167,0.029988564252753994,0.03951446689205045,0.0,0.006173807654512864,0.6167664670658682,0.9401197604790419,241,0.016070028347178408,0.021340950077935267,0.0,0.002892724020286261,0.6265560165975104,0.950207468879668
t2-F4-china-stress-mkt-2015,T2-F4,260 / 1.1,log_return,373,0.019000585529647243,0.025311668695272987,0.0,0.003222877615582881,0.6353887399463807,0.9651474530831099,163,0.030282378811241024,0.03999512030154113,0.0,0.006000525085490762,0.5766871165644172,0.9386503067484663,234,0.01621966972149623,0.021500131921228453,0.0,0.003018514222165663,0.6153846153846154,0.9615384615384616
t2-F4-covid-mkt-2020,T2-F4,260 / 1.1,log_return,485,0.02246486593365504,0.0298054562044725,0.0,0.00411339025661139,0.6144329896907217,0.9484536082474226,211,0.019387374211779163,0.025634809612669177,0.0,0.003768785709554118,0.6303317535545023,0.9620853080568721,303,0.014758826696299545,0.01967714780661752,0.0,0.002463023920504605,0.5841584158415841,0.9207920792079208
t2-F4-covid-nfp-2020,T2-F4,260 / 1.1,level,21,205.42246128662288,267.9486970568337,0.0,49.1068718610959,0.47619047619047616,0.6666666666666666,10,135.75590856467994,182.0858060121372,0.0,19.93116494603667,0.4,1.0,15,190.93144381085185,259.9508351102523,0.0,18.38296556235077,0.0,1.0
t2-F4-covid-rates-2020,T2-F4,260 / 1.1,level,482,0.12204664478437338,0.16286655356193422,0.0,0.019996872840471257,0.508298755186722,0.921161825726141,210,0.10941111196352671,0.14549123890734583,0.0,0.01921079460397891,0.6,0.9428571428571428,301,0.07792521809495971,0.10380178419903088,0.0,0.013233802834781788,0.6146179401993356,0.9136212624584718
t2-F4-cpi-friday-2022,T2-F4,260 / 1.1,level,539,0.1205417765430651,0.16009189183050024,0.0,0.021666488324477196,0.5844155844155844,0.9183673469387755,234,0.03858027283803365,0.05138909072248602,0.0,0.006558228126902719,0.6581196581196581,0.9743589743589743,336,0.07794200505302354,0.10177283920819516,0.0,0.018364919665094452,0.6011904761904762,0.8571428571428571
t2-F4-cpi-vintage-2022,T2-F4,260 / 1.1,level,24,0.8551682373628471,1.1024087531390148,0.0,0.23706694792242763,0.125,0.5416666666666666,12,0.5163607319393821,0.6927936826589449,0.0,0.07527835514047522,0.4166666666666667,0.8333333333333334,16,0.7996923837926266,1.032101615543874,0.0,0.21866930441450802,0.375,0.75
t2-F4-eur-warnings-2022,T2-F4,260 / 1.1,level,533,0.016037310529933336,0.021375159699715644,0.0,0.002692687605477558,0.525328330206379,0.8780487804878049,231,0.014847261666088407,0.01979347932162909,0.0,0.0024817175272366983,0.5367965367965368,0.9090909090909091,332,0.00903334657152988,0.012038900085131858,0.0,0.0015194627875249334,0.6385542168674698,0.9548192771084337
t2-F4-factor-stress-2008,T2-F4,260 / 1.1,log_return,203,0.021941117535516422,0.028760797826507766,0.022703293622684955,0.0037486526772852703,0.5123152709359606,0.8596059113300493,90,0.00914228766815835,0.012975866158775391,0.007850031169982978,0.0014967261888788111,0.5333333333333333,0.9555555555555556,130,0.01121695817479102,0.014304260148879831,0.012361653421914047,0.001781660368884449,0.49230769230769234,0.8884615384615384
t2-F4-funding-stress-10y-2008,T2-F4,260 / 1.1,level,202,0.12887122822868916,0.17269119367227742,0.0,0.01932131461971848,0.49504950495049505,0.9158415841584159,90,0.10001980739457451,0.13367169552793445,0.0,0.015890087061174646,0.5888888888888889,0.9444444444444444,130,0.09949535633022032,0.13344704757348622,0.0,0.014616128222055522,0.4,0.9230769230769231
t2-F4-funding-stress-2y-2008,T2-F4,260 / 1.1,level,184,0.2632194250679004,0.3487460162031871,0.0,0.04940294722968377,0.5054347826086957,0.8641304347826086,85,0.21425160387032588,0.28762714881018625,0.0,0.030812741520674865,0.38823529411764707,0.9411764705882353,127,0.2917155978313542,0.38496525598703485,0.0,0.05859145244215252,0.3937007874015748,0.7165354330708661
t2-F4-gbp-brexit-2016,T2-F4,260 / 1.1,level,393,0.016988047689966028,0.02269805532794357,0.0,0.0027130285950221775,0.5241730279898219,0.9185750636132316,172,0.025345802265054593,0.03339734691846558,0.0,0.005216940631527114,0.6104651162790697,0.9186046511627907,247,0.01372152689076911,0.018329032444874313,0.0,0.0022027630055061046,0.5668016194331984,0.902834008097166
t2-F4-gbp-conference-2016,T2-F4,260 / 1.1,level,402,0.01717212606167027,0.02295151940885764,0.0,0.002723642693701837,0.5199004975124378,0.9129353233830846,175,0.02522467383051487,0.03326475115218165,0.0,0.00512448052634791,0.5828571428571429,0.9314285714285714,252,0.014547303108455792,0.019296339194498205,0.0,0.0026747128933497693,0.5674603174603174,0.9047619047619048
t2-F4-hike-cycle-2021Q4b,T2-F4,260 / 1.1,level,482,0.40864942621125766,0.5400620972469956,0.0,0.08011774862191273,0.42531120331950206,0.8381742738589212,219,0.08849144305228271,0.11685707336604646,0.0,0.017577367267873328,0.821917808219178,1.0,323,0.23684293568149814,0.3136510367718756,0.0,0.04482268295555452,0.47058823529411764,0.7058823529411765
t2-F4-hml-covid-2020,T2-F4,260 / 1.1,log_return,485,0.014765338583985389,0.019673147141686706,0.0,0.0024958171897320933,0.4845360824742268,0.8329896907216495,211,0.008707932389624449,0.011558433667764337,0.0,0.0015816791942747262,0.6540284360189573,0.985781990521327,303,0.010565454181183388,0.014115450962592474,0.0,0.001690462227660666,0.48514851485148514,0.9075907590759076
t2-F4-jpy-carry-2007,T2-F4,260 / 1.1,level,175,1.3584555534308778,1.815713623082224,0.0,0.21531037930251237,0.5657142857142857,0.9257142857142857,78,1.271808300929831,1.7020414165195508,0.0,0.19622551195553234,0.5641025641025641,0.9102564102564102,113,1.131751347364393,1.5123240979883306,0.0,0.18031947080454924,0.5486725663716814,0.9469026548672567
t2-F4-jpy-crowding-2024,T2-F4,260 / 1.1,level,593,1.2787468204383112,1.707634599426087,0.0,0.20652737296887164,0.5767284991568297,0.9359190556492412,257,1.3190424861737042,1.7454594445578857,0.0,0.25300009021325087,0.5447470817120622,0.8521400778210116,369,1.2173407430554177,1.6132239637074843,0.0,0.22763269142525058,0.6043360433604336,0.9159891598915989
t2-F4-mkt-selloff-2011,T2-F4,260 / 1.1,log_return,274,0.021986988504588433,0.029287397065274282,0.0,0.0037359671028737973,0.6313868613138686,0.9562043795620438,120,0.012512327869019972,0.01669986113099988,0.0,0.0020434947140701874,0.6,0.9416666666666667,174,0.02900290029197007,0.038202580930569864,0.0,0.0060036986954705995,0.6379310344827587,0.9540229885057471
t2-F4-momentum-reversal-2009,T2-F4,260 / 1.1,log_return,197,0.04466375682635528,0.05987818801183995,0.0,0.006627678862643625,0.5025380710659898,0.9238578680203046,91,0.016856752482473442,0.022558915866924698,0.0,0.0026013440213453003,0.5274725274725275,0.9560439560439561,135,0.03430146023480422,0.04497433088910737,0.0,0.007619283599046319,0.4222222222222222,0.7851851851851852
t2-F4-nok-covid-2020,T2-F4,260 / 1.1,level,485,0.10157246182026974,0.13524520398446882,0.0,0.01739060640977208,0.5319587628865979,0.8969072164948454,211,0.07977691737593055,0.10600741830597434,0.0,0.014200665050821074,0.6777251184834123,0.9478672985781991,303,0.09956419503536068,0.1322474418584137,0.0,0.017856077977728133,0.5346534653465347,0.9075907590759076
t2-F4-powell-december-2018,T2-F4,260 / 1.1,log_return,456,0.021568798083164656,0.028631688051476468,0.0,0.003911573162385111,0.6030701754385965,0.9473684210526315,198,0.022635719138803082,0.02994122997633652,0.0,0.0043719420449694815,0.6818181818181818,0.9747474747474747,285,0.013790841448573623,0.01838945364336598,0.0,0.0022943109615927316,0.6035087719298246,0.9368421052631579
t2-F4-qe1-expansion-2009,T2-F4,260 / 1.1,level,193,0.2043267749467217,0.2734173291384364,0.0,0.031600389467434806,0.5647668393782384,0.917098445595855,89,0.15167714414282646,0.20175687293034528,0.0,0.026477822174029473,0.6629213483146067,0.9887640449438202,133,0.20005183925366107,0.2685824876513486,0.0,0.028725218259442305,0.48872180451127817,0.8571428571428571
t2-F4-quant-crowding-2007,T2-F4,260 / 1.1,log_return,182,0.01694368723830212,0.015217742652706612,0.029798209302813294,0.0019767656055241327,0.5641025641025641,0.9157509157509157,80,0.007520770169115923,0.00737199675884141,0.012232222832587413,0.0008255246995949679,0.525,0.9333333333333333,114,0.006775681739202633,0.006120173700843769,0.011824554252796953,0.0008411430647083162,0.5350877192982456,0.9298245614035088
t2-F4-short-vol-2018,T2-F4,260 / 1.1,log_return,435,0.0193346566744389,0.02577558682171467,0.0,0.0032323313062494613,0.6091954022988506,0.9540229885057471,189,0.025513379297034906,0.033808010365548376,0.0,0.004776801625751232,0.6825396825396826,0.9788359788359788,272,0.013874493562817308,0.018494919947523978,0.0,0.0023234276010506262,0.6066176470588235,0.9485294117647058
t2-F4-svb-whiplash-2023,T2-F4,260 / 1.1,level,557,0.11875462473628262,0.15774183503165895,0.0,0.021286598997841723,0.585278276481149,0.9210053859964094,242,0.039887935329138056,0.05317192771055214,0.0,0.006677954375602863,0.6735537190082644,0.9669421487603306,347,0.0867601157008627,0.11409790393726447,0.0,0.01841564510985825,0.5677233429394812,0.8472622478386167
t2-F4-taper-warning-2013,T2-F4,260 / 1.1,level,297,0.18701319849771608,0.24983678243507937,0.0,0.02995423865430788,0.6026936026936027,0.9427609427609428,134,0.20659400054145496,0.27716952465547867,0.0,0.030155190256395726,0.47761194029850745,0.8283582089552238,197,0.21022198510155685,0.28054396421372635,0.0,0.03441703732113311,0.6091370558375635,0.949238578680203
t2-F4-ust-downgrade-watch-2011,T2-F4,260 / 1.1,level,272,0.12343916883411878,0.1652362728133959,0.0,0.018946408885925897,0.5294117647058824,0.9227941176470589,120,0.09133508987995735,0.12271361966011844,0.0,0.012888765429554605,0.39166666666666666,0.8916666666666667,173,0.13941128888532417,0.18513163450809114,0.0,0.02511042482840673,0.5895953757225434,0.9248554913294798
t2-F4-ust10y-supply-2023,T2-F4,260 / 1.1,level,571,0.12077521102944458,0.16106857425922147,0.0,0.02004180295500228,0.532399299474606,0.9281961471103327,248,0.08983757273128906,0.11955454671911099,0.0,0.015545137761734185,0.6048387096774194,0.9395161290322581,356,0.1006427468091508,0.13411825376860229,0.0,0.016953979410522076,0.5533707865168539,0.8820224719101124
t2-F4-vaccine-timeline-2020,T2-F4,260 / 1.1,log_return,503,0.02604063360302682,0.03449095481160069,0.0,0.004914830581592151,0.5168986083499006,0.8389662027833003,218,0.011720998197949958,0.015563080367763962,0.0,0.002115792773414945,0.6192660550458715,0.926605504587156,314,0.017346110813831975,0.02302411942097273,0.0,0.0031510892959800813,0.5477707006369427,0.8757961783439491
