family,block,cards,dates,score_mean,score_median,marginal,joint,tail,inside_50,inside_90
T2-F1,train,23.0,7010.0,0.43164966329353854,0.2703278909240757,0.6727960917334189,0.20684904719609595,0.10474295364175784,0.4071277972349778,0.8314774182394441
T2-F1,validation,23.0,3344.0,0.3436196231336278,0.20278558091371876,0.5341985582349323,0.15992064508051673,0.06944685991341791,0.546281961672925,0.8910942864784503
T2-F1,test,23.0,5094.0,0.5324072634219921,0.19339224176828124,0.8043032029241581,0.28933503110777037,0.18116832078276457,0.5366258179976493,0.8303299163749993
T2-F2,train,27.0,9251.0,0.45343505676734747,0.19939431630505317,0.6063476073254241,0.0023672262804886246,0.07712061022552792,0.4999476697654418,0.8567060632643568
T2-F2,validation,27.0,4158.0,0.4727987413039412,0.12803810730849238,0.6290489469133929,0.0009512204102566835,0.08512206937352486,0.5888369830825028,0.8795713710057881
T2-F2,test,27.0,6092.0,0.40786877001013205,0.14575739682329988,0.539043681252439,0.0021364184898856674,0.08610618897251812,0.5137905114043407,0.8448589817219635
T2-F3,train,22.0,9300.0,0.9167738986773771,0.9861521931319654,0.44917039027330596,2.2682705574969124,0.058537681458252576,0.4700035477463136,0.8582368968606618
T2-F3,validation,22.0,4181.0,0.8287801240891498,0.8761081466847291,0.423088492108576,2.015958682014334,0.06224136715280735,0.5383401465173792,0.877194164007658
T2-F3,test,22.0,6135.0,0.7478702464205327,0.6766462481225264,0.39402566453608867,1.7975287331039127,0.057993971106573776,0.5201202121403026,0.865796481380914
T2-F4,train,31.0,10943.0,6.810906491287631,0.04466375682635528,8.88792391187745,0.0016935968685644598,1.61770406732188,0.5317590149933045,0.8939105282133853
T2-F4,validation,31.0,4801.0,4.527683584743162,0.030282378811241024,6.071528734459347,0.0006478146452442061,0.6679052654769573,0.5845348398659309,0.9375420634653806
T2-F4,test,31.0,6931.0,6.320845994955845,0.03430146023480422,8.599444426025569,0.0007802002475713226,0.6240502285189187,0.5292753206876282,0.8939723364226329
all,train,103.0,36504.0,2.4609496678571716,0.21266400245003586,3.08012704234824,0.531804824882922,0.5429902863000925,0.48239935859497823,0.8625969168271296
all,validation,103.0,16484.0,1.7403900116920308,0.15167714414282646,2.2019051068028492,0.46674787423540526,0.2521354073615652,0.5672538536012722,0.8990841862306399
all,test,103.0,24252.0,2.2879339331442945,0.1806657292441701,2.993247523181146,0.44934181893850894,0.2632345915407056,0.5249021090317114,0.8608684039087353
